"T1occ","T1occ_3_TEXT","T1finstrain_1","T1finstrain_2","T1finstrain_3","T1quitint_1","T1quitint_2","T1quitint_3","T1concom_1","T1concom_2","T1concom_3","T1affcom_1","T1affcom_2","T1affcom_3","T1year_1","T1month_1","T1found","T1employees","T1coown","T1lang","T1lang_2_TEXT","T1edu","T1edu_6_TEXT","T2_occ","T2_occ_3_TEXT","T2_quitfinstrain","T2_quitfinstrain_3_TEXT","T2_finstrain_1","T2_finstrain_2","T2_finstrain_3","T2_quitint_1","T2_quitint_2","T2_quitint_3","T2_concom_1","T2_concom_2","T2_concom_3","T2_affcom_1","T2_affcom_2","T2_affcom_3","T1timebuiss"
1,"",4,2,2,1,1,1,2,4,4,5,5,5,19,10,1,2,1,1,"",4,"",1,"",1,"",1,4,2,1,1,1,5,4,4,5,5,5,6453
3,"Business owner but main role is home maker",2,1,1,1,1,1,3,4,4,5,5,5,2,10,1,2,1,1,"",4,"",1,"",NA,"",1,1,1,1,1,1,1,4,4,5,5,5,243
2,"",4,2,4,2,1,1,1,5,4,5,5,4,10,8,1,2,1,1,"",5,"",2,"",NA,"",4,4,4,4,2,2,1,4,5,2,4,2,3226
2,"",4,1,1,2,1,1,2,2,3,2,3,4,2,12,1,2,2,1,"",4,"",2,"",NA,"",4,2,2,3,2,3,1,1,3,4,5,4,182
2,"",5,4,5,1,1,1,4,4,5,5,5,5,3,11,1,2,1,2,"French",4,"",NA,NA,NA,NA,NA,NA,NA,NA,NA,NA,NA,NA,NA,NA,NA,NA,578
2,"",2,2,3,1,2,3,3,3,3,4,4,3,13,8,1,1,2,1,"",4,"",NA,NA,NA,NA,NA,NA,NA,NA,NA,NA,NA,NA,NA,NA,NA,NA,4322
3,"",3,2,4,4,4,3,3,2,4,3,3,4,3,3,1,2,1,1,"",4,"",NA,NA,NA,NA,NA,NA,NA,NA,NA,NA,NA,NA,NA,NA,NA,NA,823
1,"",4,2,3,4,4,1,3,2,4,4,5,3,12,5,1,2,1,1,"",4,"",NA,NA,NA,NA,NA,NA,NA,NA,NA,NA,NA,NA,NA,NA,NA,NA,4049
3,"Homemaker",1,1,1,1,1,1,3,5,5,5,5,5,4,3,1,2,1,2,"Kikuyu, Swahili",4,"",NA,NA,NA,NA,NA,NA,NA,NA,NA,NA,NA,NA,NA,NA,NA,NA,1188
2,"",4,4,4,5,4,4,4,4,5,4,4,3,7,2,1,1,2,2,"Spanish",4,"",NA,NA,NA,NA,NA,NA,NA,NA,NA,NA,NA,NA,NA,NA,NA,NA,2312
1,"",4,2,2,2,2,1,5,4,4,4,5,4,8,7,1,2,1,1,"",6,"Masters in Literature",NA,NA,NA,NA,NA,NA,NA,NA,NA,NA,NA,NA,NA,NA,NA,NA,2527
1,"",3,2,3,3,3,3,3,5,5,3,5,3,12,2,1,1,2,1,"",4,"",1,"",NA,"",5,2,2,4,3,3,3,5,5,2,5,3,4138
1,"",3,2,4,1,3,2,4,4,4,4,5,4,5,8,1,2,2,1,"",3,"",2,"",NA,"",4,4,4,2,2,2,4,4,4,4,4,4,1400
2,"",1,2,4,2,4,2,3,2,2,4,4,4,5,9,1,2,1,1,"",4,"",NA,NA,NA,NA,NA,NA,NA,NA,NA,NA,NA,NA,NA,NA,NA,NA,1369
2,"",3,2,2,1,2,1,2,2,2,4,4,4,3,5,1,2,1,1,"",4,"",2,"",NA,"",2,2,2,2,2,2,2,2,2,4,4,4,762
1,"",3,3,4,2,2,1,5,5,4,4,5,3,10,10,1,2,1,2,"Greek",5,"",1,"",NA,"",4,3,4,2,3,1,5,5,4,4,5,3,3165
1,"",3,2,2,2,2,2,2,2,2,4,4,5,5,4,1,2,1,1,"",4,"",1,"",NA,"",2,1,2,1,2,1,2,3,2,5,5,4,1522
1,"",4,4,4,4,3,3,4,5,4,4,4,3,2,3,1,2,1,1,"",2,"",1,"",NA,"",5,3,4,1,1,1,5,5,5,4,5,4,457
1,"",5,4,5,4,4,2,2,2,2,2,5,3,2,11,1,2,1,1,"",4,"",NA,NA,NA,NA,NA,NA,NA,NA,NA,NA,NA,NA,NA,NA,NA,NA,212
1,"",5,4,4,1,1,1,5,3,5,5,5,5,4,3,1,2,1,1,"",4,"",NA,NA,NA,NA,NA,NA,NA,NA,NA,NA,NA,NA,NA,NA,NA,NA,1188
1,"",4,4,4,1,1,1,2,4,3,5,5,5,1,4,1,2,1,1,"",4,"",1,"",NA,"",5,3,4,1,1,1,2,3,3,5,5,5,61
1,"",4,3,3,3,2,1,4,2,4,5,5,4,13,6,1,1,2,1,"",4,"",2,"",NA,"",4,3,3,4,4,1,5,2,4,5,5,5,4383
2,"",4,4,5,2,4,1,2,4,5,3,2,2,12,3,1,2,1,1,"",4,"",2,"",NA,"",4,4,5,4,1,1,4,4,4,2,2,4,4110
1,"",4,4,4,3,2,2,3,5,4,3,2,2,3,1,1,2,1,1,"",4,"",1,"",NA,"",4,4,4,4,4,3,2,4,4,3,4,3,882
1,"",3,3,4,2,2,1,5,5,3,4,4,4,18,8,1,2,1,1,"",2,"",1,"",NA,"",4,5,5,2,1,NA,2,5,5,3,4,3,6148
1,"",5,4,4,2,4,3,3,2,2,4,4,4,10,10,1,2,1,1,"",4,"",1,"",NA,"",2,4,3,3,4,3,4,3,4,4,4,4,3165
2,"",5,4,4,2,3,2,1,2,5,4,5,4,9,2,1,2,1,1,"",4,"",2,"",NA,"",5,4,4,2,2,2,1,1,2,4,5,3,3042
1,"",4,2,4,4,4,2,4,3,2,4,5,4,16,7,1,2,1,2,"German",4,"",1,"",NA,"",4,1,3,2,2,2,2,3,2,4,4,3,5449
1,"",3,4,4,1,1,1,2,5,5,5,5,5,6,6,1,2,1,2,"French",4,"",NA,NA,NA,NA,NA,NA,NA,NA,NA,NA,NA,NA,NA,NA,NA,NA,1826
1,"",4,5,5,3,1,1,5,5,5,4,5,5,5,7,1,1,2,1,"",4,"",NA,NA,NA,NA,NA,NA,NA,NA,NA,NA,NA,NA,NA,NA,NA,NA,1431
3,"Business owner and student",4,5,5,4,1,1,3,4,4,5,3,5,2,3,1,2,1,1,"",4,"",2,"",NA,"",5,5,5,5,4,4,3,3,2,2,3,4,457
1,"",3,4,5,3,4,5,3,1,1,3,4,3,4,9,1,1,1,1,"",4,"",2,"",NA,"",4,4,4,3,4,1,4,4,4,2,4,3,1004
1,"",1,1,1,1,1,1,1,4,4,5,5,5,11,6,1,2,1,1,"",4,"",1,"",NA,"",1,1,1,1,1,1,3,4,4,5,5,5,3653
2,"",5,5,5,1,1,1,5,5,5,4,4,4,3,6,1,2,1,1,"",3,"",2,"",NA,"",4,5,5,1,1,1,5,5,5,4,4,4,731
1,"",4,1,1,1,1,1,5,5,5,4,5,4,13,1,1,1,2,1,"",4,"",2,"",NA,"",4,1,1,1,1,1,5,4,4,5,5,5,4534
2,"",5,4,5,5,4,4,2,3,2,2,2,2,2,11,1,2,2,1,"",4,"",3,"Working for an employer",2,"",NA,NA,NA,NA,NA,NA,NA,NA,NA,NA,NA,NA,212
1,"",4,3,4,4,4,4,3,4,4,4,5,4,14,8,1,2,1,1,"",4,"",1,"",NA,"",4,4,4,4,4,3,3,4,4,4,4,4,4687
3,"Contractor",3,2,2,2,2,1,2,4,4,3,4,3,7,8,1,2,1,1,"",4,"",NA,NA,NA,NA,NA,NA,NA,NA,NA,NA,NA,NA,NA,NA,NA,NA,2131
1,"",5,1,1,1,1,1,4,2,1,5,5,5,2,1,1,2,1,1,"",4,"",1,"",NA,"",4,2,4,1,1,1,5,2,4,5,5,5,517
1,"",2,1,2,1,1,1,1,5,2,4,5,4,3,10,1,2,1,1,"",4,"",1,"",NA,"",4,1,2,1,1,1,2,5,5,5,5,4,609
1,"",3,3,3,3,3,4,3,3,4,3,3,4,4,1,1,1,1,1,"",2,"",1,"",NA,"",3,3,2,2,3,2,3,4,4,3,4,2,1247
3,"Student with business",4,1,2,2,1,1,4,2,2,4,5,4,2,1,1,2,1,1,"",2,"",1,"",NA,"",5,3,4,2,2,2,2,3,3,4,5,4,517
2,"",3,2,2,2,2,1,4,4,4,4,5,4,11,4,1,2,1,1,"",3,"",NA,NA,NA,NA,NA,NA,NA,NA,NA,NA,NA,NA,NA,NA,NA,NA,3714
1,"",3,2,2,1,2,1,3,3,5,5,5,5,5,2,1,2,2,2,"Filipino",4,"",1,"",NA,"",2,1,1,1,1,1,3,4,4,5,5,4,1581
1,"",4,3,4,2,4,2,4,4,4,5,5,5,6,2,1,1,1,1,"",4,"",1,"",NA,"",4,4,2,1,1,1,5,5,5,5,5,4,1947
1,"",5,5,5,4,3,2,4,4,4,2,2,3,5,10,1,2,1,1,"",4,"",1,"",NA,"",5,4,4,4,2,2,4,4,4,1,2,2,1339
1,"",3,2,2,1,2,1,5,5,5,5,5,5,8,8,1,2,1,1,"",3,"",1,"",NA,"",4,2,3,4,4,4,3,4,4,4,4,3,2496
2,"",5,2,4,5,5,1,2,5,5,1,2,1,16,6,1,2,2,1,"",2,"",2,"",1,"",4,2,4,2,2,2,4,4,4,2,2,2,5479
1,"",4,4,4,2,1,2,5,5,5,4,5,4,5,4,1,2,1,1,"",2,"",NA,NA,NA,NA,NA,NA,NA,NA,NA,NA,NA,NA,NA,NA,NA,NA,1522
1,"",3,4,4,3,2,1,3,4,4,4,5,4,3,8,1,2,1,1,"",4,"",1,"",NA,"",5,4,4,4,2,1,4,5,5,5,5,5,670
2,"",1,1,1,1,3,3,2,4,3,4,4,3,7,9,1,1,2,1,"",4,"",2,"",NA,"",3,2,2,2,2,2,2,1,1,4,3,3,2100
2,"",4,3,3,3,4,2,2,3,4,3,1,2,3,6,1,1,2,1,"",4,"",2,"",NA,"",2,4,4,3,3,2,2,4,4,3,4,3,731
1,"",4,4,4,4,2,2,2,3,4,2,4,3,2,3,1,2,1,1,"",4,"",1,"",NA,"",5,5,5,5,5,4,2,5,4,2,4,4,457
1,"",2,3,3,4,3,4,4,5,5,3,4,4,2,NA,1,1,2,1,"",4,"",1,"",NA,"",4,3,4,4,2,3,4,4,4,5,5,3,NA
1,"",3,3,3,2,4,3,3,3,3,2,4,3,12,11,1,2,1,1,"",4,"",2,"",1,"",3,3,3,2,4,1,5,5,5,4,5,4,3865
1,"",4,5,5,2,2,1,5,5,5,3,4,2,6,4,1,2,1,1,"",3,"",1,"",NA,"",5,5,5,1,1,1,4,4,5,3,4,3,1887
1,"",4,1,2,1,1,1,1,1,1,4,5,4,1,3,1,2,1,1,"",6,"A Levels",NA,NA,NA,NA,NA,NA,NA,NA,NA,NA,NA,NA,NA,NA,NA,NA,92
2,"",4,2,3,4,4,2,2,4,4,4,4,4,3,9,1,2,1,1,"",3,"",NA,"",NA,"",NA,NA,NA,NA,NA,NA,NA,NA,NA,NA,NA,NA,639
3,"student business owner",1,1,4,1,1,1,1,1,1,5,5,5,2,9,1,2,1,1,"",6,"A-Levels",NA,NA,NA,NA,NA,NA,NA,NA,NA,NA,NA,NA,NA,NA,NA,NA,273
2,"",4,1,4,1,1,1,3,5,5,4,5,3,8,6,1,2,1,1,"",4,"",NA,NA,NA,NA,NA,NA,NA,NA,NA,NA,NA,NA,NA,NA,NA,NA,2557
2,"",4,4,4,1,1,1,4,4,5,5,5,5,4,1,1,2,1,1,"",5,"",1,"",NA,"",5,4,5,1,1,1,4,4,4,4,5,4,1247
1,"",4,3,4,3,2,1,4,4,4,4,4,4,3,4,1,2,1,1,"",3,"",1,"",NA,"",4,4,4,3,3,3,4,4,4,4,4,4,792
1,"",2,1,1,1,1,1,5,5,5,4,5,3,17,5,1,2,2,1,"",2,"",1,"",NA,"",1,2,3,1,1,1,4,5,3,3,5,3,5875
2,"",3,3,5,1,1,1,3,3,3,3,3,3,10,1,2,2,1,1,"",5,"",NA,NA,NA,NA,NA,NA,NA,NA,NA,NA,NA,NA,NA,NA,NA,NA,3439
1,"",2,1,2,1,1,1,5,5,5,5,5,4,34,6,1,2,1,1,"",3,"",NA,NA,NA,NA,NA,NA,NA,NA,NA,NA,NA,NA,NA,NA,NA,NA,12053
1,"",4,5,5,2,2,2,4,5,5,5,5,5,2,5,1,2,1,1,"",6,"Master's Degree",2,"",NA,"",5,4,5,4,3,3,2,5,5,5,5,5,396
2,"",4,2,3,3,3,1,3,2,4,4,3,4,4,5,1,1,2,1,"",4,"",1,"",NA,"",4,4,4,3,3,2,3,4,4,4,4,4,1127
1,"",3,1,1,2,1,1,3,3,3,5,5,5,3,2,1,2,1,1,"",2,"",1,"",NA,"",3,2,2,2,2,2,4,4,4,5,5,4,851
1,"",3,5,4,1,1,1,1,3,1,4,5,5,1,3,1,2,1,1,"",3,"",NA,NA,NA,NA,NA,NA,NA,NA,NA,NA,NA,NA,NA,NA,NA,NA,92
1,"",4,2,3,2,2,1,3,4,4,4,5,4,2,10,1,2,1,1,"",4,"",1,"",NA,"",4,2,2,1,1,1,4,3,3,5,5,4,243
2,"",3,4,5,4,2,2,1,1,1,4,4,3,3,9,1,2,1,1,"",3,"",2,"",NA,"",3,4,5,4,4,2,2,2,4,4,5,3,639
1,"",2,1,1,1,2,2,2,3,4,5,5,4,6,11,1,2,1,1,"",4,"",1,"",NA,"",1,1,1,4,4,4,2,3,4,5,5,4,1673
1,"",5,5,5,5,4,4,2,4,5,5,4,4,5,8,1,2,1,1,"",5,"",2,"",NA,"",5,3,5,4,2,2,2,2,3,4,4,4,1400
2,"",2,2,4,2,2,2,2,4,4,4,4,3,5,7,1,2,1,1,"",4,"",2,"",NA,"",2,2,4,2,2,2,2,4,4,4,4,4,1431
3,"self employed and carer for my daughter",4,4,5,2,1,1,5,5,5,5,5,4,2,4,1,2,1,1,"",4,"",NA,NA,NA,NA,NA,NA,NA,NA,NA,NA,NA,NA,NA,NA,NA,NA,426
1,"",5,5,5,5,4,3,4,5,5,2,2,3,6,4,1,2,1,2,"polish",3,"",1,"",NA,"",5,5,5,4,4,4,3,4,4,2,3,2,1887
1,"",4,2,2,2,2,2,4,4,4,4,4,4,2,5,1,2,1,1,"",2,"",1,"",NA,"",4,4,4,2,2,2,4,4,4,4,4,4,396
1,"",4,2,4,2,1,1,4,2,4,4,5,4,4,2,1,2,1,1,"",6,"college A2 Level",1,"",NA,"",4,2,2,2,1,1,4,2,3,4,5,4,1216
3,"Director",4,3,4,5,2,2,1,5,5,3,2,2,4,8,2,1,2,1,"",4,"",NA,NA,NA,NA,NA,NA,NA,NA,NA,NA,NA,NA,NA,NA,NA,NA,1035
2,"",4,4,4,1,1,1,4,2,2,5,5,5,4,1,1,2,1,1,"",6,"Some university",2,"",NA,"",4,4,5,1,1,1,2,2,1,5,5,5,1247
1,"",3,2,4,1,2,1,2,2,3,5,3,4,2,5,1,2,1,1,"",4,"",1,"",NA,"",2,2,3,1,2,1,4,5,4,5,4,4,396
1,"",3,2,3,2,1,1,5,4,4,3,4,4,22,10,2,2,2,1,"",2,"",NA,NA,NA,NA,NA,NA,NA,NA,NA,NA,NA,NA,NA,NA,NA,NA,7548
1,"",2,1,1,1,2,1,5,5,5,5,5,4,5,6,1,1,1,1,"",2,"",1,"",NA,"",3,1,2,1,1,1,5,3,4,5,5,4,1461
1,"",3,1,1,1,1,1,3,4,4,3,5,3,12,6,1,2,1,2,"Polish",4,"",1,"",NA,"",1,1,1,1,1,1,3,4,4,4,5,3,4018
1,"",5,5,5,5,4,4,5,5,5,4,4,2,2,11,1,2,1,1,"",3,"",1,"",NA,"",5,5,5,2,4,1,4,5,5,4,5,4,212
1,"",5,4,4,2,1,1,4,5,5,5,5,5,3,2,1,1,2,1,"",6,"Masters degree",1,"",NA,"",5,4,5,2,3,2,4,5,5,4,5,4,851
2,"",2,4,4,4,4,2,5,1,4,2,3,3,6,6,1,1,2,1,"",4,"",1,"",NA,"",2,2,4,5,4,4,1,1,1,1,1,4,1826
1,"",2,3,3,1,2,1,4,4,4,5,5,5,4,9,1,2,1,1,"",4,"",1,"",NA,"",2,4,4,4,4,2,4,4,5,4,4,4,1004
2,"",4,2,2,2,2,1,4,4,4,5,5,5,5,1,1,2,1,1,"",4,"",2,"",NA,"",4,2,2,2,1,1,2,4,4,4,4,4,1612
2,"",2,4,3,2,4,2,4,4,3,3,2,3,8,2,2,1,1,2,"Bulgarian",4,"",NA,NA,NA,NA,NA,NA,NA,NA,NA,NA,NA,NA,NA,NA,NA,NA,2677
2,"",5,3,3,3,2,1,2,4,5,5,5,5,1,1,1,2,1,1,"",5,"",NA,NA,NA,NA,NA,NA,NA,NA,NA,NA,NA,NA,NA,NA,NA,NA,151
2,"",4,4,4,2,2,2,5,5,5,5,4,5,15,6,1,2,1,1,"",2,"",NA,NA,NA,NA,NA,NA,NA,NA,NA,NA,NA,NA,NA,NA,NA,NA,5114
1,"",5,3,4,2,2,1,4,4,3,4,4,4,37,10,1,2,1,1,"",3,"",NA,NA,NA,NA,NA,NA,NA,NA,NA,NA,NA,NA,NA,NA,NA,NA,13027
1,"",5,3,4,2,2,1,4,5,5,5,5,5,15,6,1,2,1,1,"",2,"",NA,NA,NA,NA,NA,NA,NA,NA,NA,NA,NA,NA,NA,NA,NA,NA,5114
1,"",5,4,5,4,4,4,4,4,4,4,4,2,5,2,1,2,1,1,"",4,"",1,"",NA,"",5,4,4,5,5,4,2,3,3,4,3,3,1581
1,"",4,2,4,2,1,1,5,4,4,4,5,4,11,2,1,2,1,2,"Portuguese",4,"",1,"",NA,"",5,4,5,4,4,2,4,5,5,4,5,4,3773
3,"retired",1,1,1,4,2,1,1,5,5,2,4,1,17,8,1,2,1,1,"",4,"",NA,NA,NA,NA,NA,NA,NA,NA,NA,NA,NA,NA,NA,NA,NA,NA,5783
1,"",2,1,1,1,1,1,4,3,4,5,5,5,5,5,1,2,1,1,"",4,"",1,"",NA,"",2,1,2,1,1,1,4,4,4,4,5,4,1492
2,"",4,3,4,3,2,3,2,2,4,4,4,4,2,7,1,2,2,1,"",4,"",NA,NA,NA,NA,NA,NA,NA,NA,NA,NA,NA,NA,NA,NA,NA,NA,335
2,"",4,4,3,2,3,1,4,3,4,5,5,5,3,4,1,1,2,2,"German",3,"",1,"",NA,"",4,3,4,3,4,2,4,2,3,1,4,4,792
1,"",5,1,2,1,2,1,3,4,3,3,3,2,5,9,1,2,1,1,"",4,"",NA,NA,NA,NA,NA,NA,NA,NA,NA,NA,NA,NA,NA,NA,NA,NA,1369
1,"",4,5,5,2,1,1,5,5,5,5,5,5,6,9,1,2,1,1,"",4,"",1,"",NA,"",5,3,3,2,1,1,5,5,5,5,5,5,1734
3,"Phd Student",3,3,4,3,3,3,3,3,4,2,3,2,5,3,1,2,2,1,"",4,"",NA,NA,NA,NA,NA,NA,NA,NA,NA,NA,NA,NA,NA,NA,NA,NA,1553
1,"",4,2,2,1,1,1,2,2,3,5,5,5,5,6,1,2,1,1,"",4,"",1,"",NA,"",4,4,4,2,1,1,4,4,4,4,4,4,1461
3,"Student",4,4,5,1,1,1,3,3,3,4,4,5,2,11,1,2,2,1,"",2,"",NA,NA,NA,NA,NA,NA,NA,NA,NA,NA,NA,NA,NA,NA,NA,NA,212
1,"",4,3,5,2,2,1,4,4,4,3,4,2,2,7,1,2,1,1,"",4,"",2,"",NA,"",1,1,3,5,5,2,1,1,1,4,5,3,335
1,"",4,4,4,1,1,1,5,5,5,5,5,5,5,9,1,2,1,1,"",3,"",1,"",NA,"",5,2,2,1,1,1,5,4,5,5,5,5,1369
1,"",4,1,1,1,1,1,4,5,5,1,5,5,21,8,1,1,1,1,"",3,"",1,"",NA,"",4,1,1,1,1,1,5,5,5,5,5,5,7244
1,"",4,2,3,2,2,2,4,4,5,3,4,3,8,10,1,2,1,1,"",4,"",1,"",NA,"",4,2,3,2,2,1,3,4,4,4,4,3,2435
1,"",1,1,2,1,1,1,4,4,4,4,5,4,6,4,1,2,1,1,"",4,"",1,"",NA,"",4,2,3,1,1,1,4,4,4,4,5,4,1887
1,"",4,2,2,2,1,1,4,4,4,3,4,1,5,1,1,2,1,1,"",3,"",2,"",NA,"",4,2,2,4,5,5,2,2,4,4,4,2,1612
1,"",5,1,1,2,1,1,4,4,5,3,4,4,9,4,1,2,1,2,"Polish",4,"",1,"",NA,"",5,1,2,5,1,5,2,5,4,5,5,4,2983
1,"",3,4,5,5,5,5,4,4,3,1,2,4,13,9,1,2,1,2,"Romanian",5,"",NA,NA,NA,NA,NA,NA,NA,NA,NA,NA,NA,NA,NA,NA,NA,NA,4291
2,"",3,1,2,3,1,1,1,3,2,5,5,4,5,6,1,1,1,1,"",6,"Masters",2,"",NA,"",5,3,3,4,3,4,4,3,3,2,5,4,1461
1,"",1,1,1,1,1,1,4,4,4,5,5,4,22,6,1,2,1,1,"",4,"",1,"",NA,"",2,1,2,1,1,1,4,5,4,5,5,4,7670
1,"",5,2,4,1,2,1,5,4,5,5,5,5,6,7,1,1,1,1,"",3,"",1,"",NA,"",4,2,4,2,2,1,5,2,2,5,4,5,1796
1,"",3,1,1,3,3,1,1,1,5,3,4,3,6,6,1,2,1,1,"",4,"",1,"",NA,"",4,4,4,1,1,1,5,4,5,3,3,3,1826
1,"",4,2,3,3,1,1,4,5,5,3,4,3,15,3,1,2,1,1,"",6,"BTEC 6",1,"",NA,"",4,2,3,4,2,2,3,5,5,3,4,3,5206
1,"",5,2,4,3,2,1,4,4,4,4,4,2,2,2,1,2,1,2,"Portuguese",4,"",NA,NA,NA,NA,NA,NA,NA,NA,NA,NA,NA,NA,NA,NA,NA,NA,486
1,"",4,4,4,4,3,3,4,4,4,5,4,4,15,1,1,2,1,1,"",3,"",1,"",3,"Yes as no financial income at present but mainly as I provide massage in workplaces I don’t feel I will ever be safe to trade again due to the nature of Covid and possible litigation",NA,NA,NA,NA,NA,NA,NA,NA,NA,NA,NA,NA,5265
2,"",3,4,4,2,4,2,4,5,5,5,5,4,4,10,1,1,1,1,"",4,"",2,"",NA,"",4,2,3,1,2,1,4,4,5,5,5,4,974
1,"",4,4,4,4,5,4,2,5,5,3,5,3,8,10,1,2,1,1,"",4,"",1,"",2,"",NA,NA,NA,NA,NA,NA,NA,NA,NA,NA,NA,NA,2435
1,"",5,2,2,1,1,1,4,2,4,5,5,5,2,10,1,2,1,1,"",4,"",1,"",NA,"",5,4,4,1,1,1,5,5,5,5,5,4,243
2,"",4,3,4,2,2,1,2,2,2,4,4,4,3,11,2,2,1,1,"",4,"",NA,NA,NA,NA,NA,NA,NA,NA,NA,NA,NA,NA,NA,NA,NA,NA,578
1,"",5,5,5,5,1,1,4,4,5,5,5,5,3,9,2,2,1,1,"",4,"",NA,NA,NA,NA,NA,NA,NA,NA,NA,NA,NA,NA,NA,NA,NA,NA,639
1,"",4,3,2,2,2,2,4,4,4,4,5,4,4,1,1,2,1,2,"Romanian",2,"",1,"",NA,"",4,3,3,4,4,2,4,4,4,4,4,4,1247
1,"",4,2,4,1,4,1,4,5,5,5,5,5,3,11,1,2,1,1,"",4,"",1,"",NA,"",4,4,4,3,3,2,4,4,4,4,5,4,578
2,"",4,3,5,2,4,2,4,4,4,2,4,4,2,9,1,2,1,2,"Hungarian",3,"",2,"",NA,"",4,4,4,3,4,3,4,3,4,3,2,3,273
2,"",4,3,4,2,3,2,2,4,4,4,4,4,2,3,1,2,2,1,"",4,"",3,"No longer a business Owner but I am working for another employer",3,"Personal circumstances",NA,NA,NA,NA,NA,NA,NA,NA,NA,NA,NA,NA,457
1,"",3,1,3,1,1,1,1,4,2,5,5,5,3,11,1,2,2,1,"",3,"",1,"",NA,"",4,1,2,1,1,1,5,5,5,5,5,5,578
1,"",2,2,2,1,1,1,4,4,5,3,5,3,23,11,1,2,1,1,"",2,"",1,"",NA,"",4,4,4,1,1,1,4,5,5,4,5,2,7883
2,"",4,1,1,3,2,2,2,2,2,5,5,5,5,5,1,2,1,1,"",6,"DipHE",2,"",NA,"",2,1,1,2,1,1,1,3,2,5,5,5,1492
2,"",3,1,1,1,1,1,3,2,4,5,5,5,8,2,1,2,1,1,"",2,"",1,"",NA,"",3,1,2,2,2,1,2,2,1,5,4,4,2677
1,"",4,2,3,1,2,1,4,5,4,5,5,5,4,2,1,2,1,1,"",2,"",1,"",NA,"",4,2,2,1,1,1,4,5,5,5,5,5,1216
1,"",2,1,1,1,1,1,3,2,2,5,5,4,4,4,1,2,1,1,"",4,"",1,"",NA,"",2,1,2,2,5,2,1,1,1,5,5,4,1157
1,"",4,4,4,2,1,1,2,2,2,4,4,4,2,7,1,2,1,1,"",4,"",1,"",NA,"",4,3,4,4,2,2,2,2,2,4,4,4,335
2,"",3,1,1,1,1,1,4,3,4,5,5,4,2,10,1,2,1,1,"",4,"",2,"",NA,"",4,1,1,1,1,1,5,3,4,5,5,5,243
1,"",1,1,1,1,1,1,4,4,4,5,5,4,9,10,1,2,1,1,"",2,"",1,"",NA,"",3,1,2,1,1,1,5,5,5,5,5,4,2800
1,"",5,1,2,1,1,1,4,3,3,3,5,5,32,4,1,2,1,1,"",3,"",NA,NA,NA,NA,NA,NA,NA,NA,NA,NA,NA,NA,NA,NA,NA,NA,11384
1,"",5,5,5,1,1,1,5,2,4,5,5,5,2,11,1,2,1,2,"Polish",4,"",1,"",NA,"",5,5,5,3,2,1,4,2,5,5,5,5,212
1,"",3,2,4,1,1,1,5,4,4,5,5,4,9,3,1,2,2,1,"",4,"",1,"",NA,"",4,3,4,1,1,1,5,5,5,4,4,4,3014
1,"",5,5,5,1,1,1,5,5,5,5,5,3,3,6,1,2,1,1,"",3,"",NA,NA,NA,NA,NA,NA,NA,NA,NA,NA,NA,NA,NA,NA,NA,NA,731
2,"",1,1,1,1,1,1,2,4,2,4,4,3,3,6,1,2,1,1,"",2,"",2,"",NA,"",5,2,4,3,1,1,5,5,5,2,4,2,731
2,"",3,4,4,5,4,4,2,3,3,3,3,4,3,4,1,2,1,1,"",4,"",2,"",2,"",NA,NA,NA,NA,NA,NA,NA,NA,NA,NA,NA,NA,792
2,"",4,2,2,2,2,1,4,4,4,4,4,4,5,5,1,2,1,1,"",4,"",1,"",NA,"",4,2,3,2,2,2,4,4,4,4,4,4,1492
1,"",4,1,2,1,1,1,5,5,5,5,5,5,7,3,1,2,1,1,"",3,"",1,"",NA,"",4,1,1,1,1,1,5,5,5,5,5,5,2284
1,"",3,3,4,2,1,1,5,4,5,2,3,2,6,12,1,2,1,1,"",4,"",1,"",2,"",4,4,4,3,2,2,4,4,4,3,3,2,1643
2,"",3,1,3,4,4,4,1,1,1,5,3,4,2,5,1,2,2,1,"",4,"",2,"",2,"",NA,NA,NA,NA,NA,NA,NA,NA,NA,NA,NA,NA,396
1,"",2,2,3,1,1,1,4,4,4,5,5,4,4,2,1,2,1,1,"",2,"",NA,NA,NA,NA,NA,NA,NA,NA,NA,NA,NA,NA,NA,NA,NA,NA,1216
1,"",4,4,5,4,2,2,3,4,4,5,5,5,13,9,1,2,1,1,"",2,"",1,"",NA,"",5,5,5,4,3,3,3,5,5,5,5,4,4291
2,"",4,3,4,4,4,3,4,3,4,4,3,3,4,7,1,2,1,1,"",4,"",NA,NA,NA,NA,NA,NA,NA,NA,NA,NA,NA,NA,NA,NA,NA,NA,1066
3,"Landlord and employee",2,1,1,3,4,1,2,2,2,4,5,4,27,4,1,2,2,1,"",4,"",NA,NA,NA,NA,NA,NA,NA,NA,NA,NA,NA,NA,NA,NA,NA,NA,9558
3,"full time",3,1,4,1,3,3,4,2,3,3,3,3,1,1,1,2,1,1,"",4,"",NA,NA,NA,NA,NA,NA,NA,NA,NA,NA,NA,NA,NA,NA,NA,NA,151
1,"",2,2,3,2,1,1,2,2,3,4,5,4,2,4,1,2,2,1,"",4,"",1,"",NA,"",5,4,4,5,4,4,2,2,4,3,4,4,426
1,"",4,2,3,2,2,2,4,5,5,4,5,4,22,1,1,2,1,1,"",4,"",1,"",NA,"",4,2,4,2,3,3,4,5,5,4,5,4,7822
1,"",4,2,3,4,1,1,5,3,2,5,3,4,2,9,1,2,1,1,"",4,"",1,"",NA,"",4,4,5,3,2,2,2,3,3,2,2,2,273
2,"",4,4,5,2,2,2,4,3,3,5,5,4,8,2,1,2,1,1,"",4,"",1,"",NA,"",5,5,5,4,3,3,4,4,4,4,4,4,2677
2,"",4,3,3,1,1,1,5,4,4,5,5,3,9,6,1,2,2,1,"",3,"",2,"",NA,"",4,2,3,2,2,1,3,1,3,4,4,3,2922
2,"",1,1,1,4,1,1,1,4,4,4,3,2,15,7,1,2,1,1,"",4,"",2,"",NA,"",2,1,1,4,1,2,2,4,5,3,2,3,5084
1,"",4,3,4,2,3,1,3,3,4,5,5,5,3,6,1,2,2,2,"Romanian",4,"",1,"",NA,"",5,3,3,3,4,5,2,3,4,3,5,3,731
2,"",3,2,2,2,3,3,3,3,3,4,4,4,7,8,1,2,1,1,"",4,"",2,"",NA,"",3,1,1,1,1,1,3,3,3,3,3,3,2131
1,"",3,4,4,4,2,1,4,3,3,4,4,4,5,9,1,2,1,1,"",4,"",NA,NA,NA,NA,NA,NA,NA,NA,NA,NA,NA,NA,NA,NA,NA,NA,1369
1,"",4,5,5,5,3,4,4,5,5,5,4,4,13,9,1,1,1,1,"",3,"",3,"employee",2,"",NA,NA,NA,NA,NA,NA,NA,NA,NA,NA,NA,NA,4291
1,"",4,5,5,3,3,2,4,4,4,3,4,3,24,4,1,2,1,1,"",6,"Masters degree",1,"",NA,"",5,5,5,4,3,2,3,4,3,3,3,3,8462
1,"",2,2,4,1,1,1,4,5,5,5,5,2,3,3,1,2,1,1,"",2,"",1,"",NA,"",2,2,4,2,1,1,4,5,4,3,4,4,823
2,"",2,1,2,1,4,1,2,5,4,4,5,4,6,5,1,2,1,2,"Hungarian",4,"",NA,NA,NA,NA,NA,NA,NA,NA,NA,NA,NA,NA,NA,NA,NA,NA,1857
1,"",2,2,2,1,1,1,5,5,5,4,4,5,6,11,1,1,2,1,"",2,"",1,"",NA,"",3,3,3,3,2,2,4,5,5,4,4,4,1673
1,"",4,3,4,2,2,1,4,2,4,1,5,4,6,10,1,2,1,1,"",3,"",1,"",NA,"",4,2,2,2,2,2,4,2,4,4,5,3,1704
2,"",3,2,2,1,1,1,5,5,5,5,4,5,5,5,1,1,1,1,"",4,"",2,"",NA,"",4,2,4,1,1,1,5,5,5,4,4,5,1492
2,"",1,1,1,1,1,1,3,4,4,5,5,5,21,1,1,2,1,1,"",4,"",2,"",NA,"",4,1,2,2,2,1,4,4,5,5,5,5,7456
2,"",4,1,1,1,1,1,2,4,4,3,4,2,12,5,1,2,1,1,"",2,"",2,"",NA,"",2,1,2,1,3,1,3,1,1,4,4,4,4049
2,"",3,1,2,4,2,1,5,4,4,3,5,3,2,11,1,2,1,1,"",2,"",2,"",NA,"",3,2,4,1,2,1,2,4,4,4,5,4,212
3,"Employee",4,2,2,4,1,1,4,4,4,4,4,4,1,4,1,2,1,1,"",4,"",NA,NA,NA,NA,NA,NA,NA,NA,NA,NA,NA,NA,NA,NA,NA,NA,61
1,"",4,1,1,1,1,1,4,4,4,5,5,4,4,1,1,1,2,1,"",4,"",1,"",NA,"",4,2,2,1,1,1,4,4,4,5,5,5,1247
1,"",4,2,2,3,2,1,4,3,4,4,5,4,2,4,1,2,1,1,"",3,"",1,"",NA,"",3,3,3,4,3,2,4,3,4,4,4,2,426
1,"",4,2,3,3,2,1,4,4,4,4,4,3,12,3,1,2,1,1,"",4,"",NA,NA,NA,NA,NA,NA,NA,NA,NA,NA,NA,NA,NA,NA,NA,NA,4110
1,"",4,3,4,2,1,1,2,2,2,5,5,4,2,10,1,2,1,1,"",4,"",NA,NA,NA,NA,NA,NA,NA,NA,NA,NA,NA,NA,NA,NA,NA,NA,243
3,"employed full time",4,2,2,1,2,3,3,3,4,3,2,3,7,5,1,2,1,1,"",4,"",NA,NA,NA,NA,NA,NA,NA,NA,NA,NA,NA,NA,NA,NA,NA,NA,2223
2,"",3,3,3,2,1,1,2,4,3,4,4,4,2,5,1,2,1,1,"",4,"",1,"",NA,"",3,3,4,3,2,1,3,4,4,4,4,4,396
1,"",4,4,4,4,4,4,4,4,4,4,4,3,3,6,1,2,1,1,"",4,"",NA,NA,NA,NA,NA,NA,NA,NA,NA,NA,NA,NA,NA,NA,NA,NA,731
1,"",5,3,4,4,1,1,3,4,4,3,4,3,3,8,1,2,1,1,"",3,"",NA,NA,NA,NA,NA,NA,NA,NA,NA,NA,NA,NA,NA,NA,NA,NA,670
1,"",4,2,3,3,2,2,2,3,4,4,4,4,5,3,1,2,1,1,"",3,"",1,"",NA,"",4,2,2,2,2,2,4,3,4,4,4,4,1553
1,"",2,2,1,1,2,1,4,3,2,4,5,5,10,9,1,2,1,2,"Greek",4,"",1,"",NA,"",2,1,1,1,1,1,5,5,5,5,5,4,3195
2,"",4,1,1,1,4,1,4,2,5,5,5,5,8,8,1,2,1,2,"Finnish",4,"",2,"",NA,"",4,2,1,1,1,1,2,2,4,5,5,5,2496
1,"",5,2,4,1,1,1,5,5,5,5,5,5,8,4,1,2,1,1,"",4,"",1,"",NA,"",4,3,4,1,1,1,5,5,5,5,5,5,2618
2,"",3,1,1,2,3,3,3,3,3,2,4,3,5,9,1,1,2,1,"",4,"",1,"",NA,"",4,2,3,2,2,3,4,3,4,5,4,4,1369
1,"",2,2,2,1,1,1,4,4,4,4,3,4,8,8,1,2,1,1,"",4,"",1,"",NA,"",5,3,5,5,3,3,5,5,5,4,5,3,2496
2,"",3,1,1,1,1,1,5,3,3,5,5,5,1,5,1,2,1,1,"",6,"AAT",1,"",1,"",5,5,4,1,1,1,5,5,5,5,5,5,31
2,"",4,1,3,3,4,3,3,4,4,4,4,3,17,8,1,2,1,1,"",4,"",NA,NA,NA,NA,NA,NA,NA,NA,NA,NA,NA,NA,NA,NA,NA,NA,5783
1,"",4,4,5,4,4,4,4,2,5,2,3,3,7,6,1,2,1,1,"",3,"",2,"",NA,"",4,4,4,4,1,1,5,4,5,2,2,2,2192
1,"",4,1,1,1,1,1,1,4,2,2,4,2,2,3,1,2,1,1,"",4,"",1,"",NA,"",2,1,1,1,1,1,1,4,5,3,5,3,457
1,"",4,2,4,2,1,1,3,1,2,5,5,5,8,4,1,1,2,1,"",2,"",1,"",NA,"",4,3,3,2,1,1,3,4,2,5,5,4,2618
1,"",4,1,1,1,1,1,5,4,3,5,5,5,3,9,1,2,1,1,"",4,"",2,"",NA,"",4,1,1,1,3,1,5,5,5,5,5,4,639
2,"",5,4,5,2,3,2,4,5,4,4,3,4,2,1,1,2,1,1,"",4,"",1,"",NA,"",5,4,5,2,2,1,5,4,5,4,3,4,517
2,"",4,4,4,2,2,5,1,1,3,5,5,5,9,1,1,2,1,1,"",4,"",1,"",NA,"",5,4,5,3,2,4,1,1,4,4,4,3,3073
2,"",3,4,3,3,2,3,3,3,3,3,3,4,2,2,1,2,1,1,"",3,"",NA,NA,NA,NA,NA,NA,NA,NA,NA,NA,NA,NA,NA,NA,NA,NA,486
1,"",5,2,4,4,4,4,4,4,4,4,2,3,12,6,1,1,2,1,"",5,"",1,"",NA,"",5,3,4,4,4,3,3,4,4,3,3,3,4018
1,"",3,4,4,4,3,3,1,1,3,4,5,2,2,9,1,2,1,1,"",4,"",1,"",NA,"",2,3,3,4,4,4,1,1,2,4,5,4,273
1,"",4,2,2,2,2,2,2,3,3,4,5,4,17,9,1,2,1,1,"",4,"",1,"",NA,"",4,2,2,1,1,1,2,4,4,4,5,4,5752
1,"",4,4,3,1,1,1,5,5,5,5,5,5,2,8,1,1,1,1,"",3,"",2,"",NA,"",5,4,4,2,3,1,5,5,5,5,3,5,304
1,"",4,4,4,1,1,1,5,4,4,5,5,4,16,4,1,2,1,1,"",2,"",1,"",NA,"",4,2,4,1,1,1,5,4,4,4,5,3,5540
1,"",5,5,5,3,1,1,3,4,4,4,4,4,1,2,1,2,1,2,"German",4,"",NA,NA,NA,NA,NA,NA,NA,NA,NA,NA,NA,NA,NA,NA,NA,NA,120
1,"",5,5,5,1,1,1,3,5,3,5,5,5,7,6,1,2,1,1,"",4,"",1,"",NA,"",5,5,5,1,1,1,5,1,1,5,5,3,2192
1,"",2,1,2,1,1,1,5,5,5,5,5,5,22,9,1,1,1,1,"",4,"",1,"",NA,"",4,1,2,1,1,1,5,5,5,5,5,5,7578
2,"",4,2,3,2,2,1,4,4,4,5,5,5,26,10,1,1,1,1,"",4,"",1,"",NA,"",4,2,4,2,2,1,4,4,5,5,5,4,9009
1,"",4,4,4,1,1,1,5,5,5,2,4,4,1,2,1,1,2,1,"",4,"",1,"",NA,"",3,2,2,1,1,1,5,5,5,4,5,4,120
1,"",4,4,4,2,1,1,4,4,5,4,4,4,7,11,1,2,1,1,"",4,"",1,"",NA,"",4,2,3,2,2,2,4,4,4,4,4,4,2039
2,"",5,4,4,4,2,1,4,5,5,2,4,2,8,10,1,2,1,1,"",4,"",2,"",NA,"",5,4,5,5,3,3,4,5,5,4,4,1,2435
2,"",5,4,5,2,2,1,4,5,4,5,5,5,14,NA,1,2,1,1,"",4,"",2,"",NA,"",2,4,4,1,2,2,3,2,3,5,5,5,NA
2,"",4,4,5,4,2,2,3,4,4,4,4,4,7,8,1,2,1,1,"",4,"",2,"",NA,"",4,4,4,4,2,2,2,4,4,3,4,4,2131
1,"",4,1,2,1,2,1,1,1,1,5,5,4,4,7,1,2,1,1,"",3,"",1,"",NA,"",4,2,2,1,1,1,2,2,2,5,5,4,1066
1,"",2,1,2,4,4,2,4,4,5,5,5,4,4,4,1,2,1,1,"",4,"",1,"",NA,"",4,2,2,3,2,2,2,4,5,4,4,5,1157
2,"",4,2,2,2,1,1,4,2,2,5,5,4,3,4,1,2,1,1,"",4,"",2,"",1,"",4,1,1,1,2,1,3,2,2,5,5,5,792
1,"",3,1,1,2,4,1,3,2,2,3,3,4,2,5,1,2,1,1,"",3,"",2,"",1,"",NA,NA,NA,NA,NA,NA,NA,NA,NA,NA,NA,NA,396
2,"",4,4,4,2,2,2,5,4,5,4,5,4,4,6,1,1,1,1,"",4,"",2,"",NA,"",5,4,4,2,2,1,5,5,5,4,4,4,1096
1,"",2,1,1,4,4,4,1,4,4,4,5,4,6,5,1,2,1,1,"",4,"",1,"",NA,"",2,2,2,4,4,4,2,5,5,5,5,4,1857
1,"",4,4,4,1,1,1,4,3,4,5,5,5,2,6,1,2,1,1,"",4,"",NA,NA,NA,NA,NA,NA,NA,NA,NA,NA,NA,NA,NA,NA,NA,NA,365
1,"",5,2,5,2,1,1,5,3,5,4,5,3,16,6,1,2,1,1,"",4,"",1,"",NA,"",5,5,5,3,1,1,3,2,2,4,5,2,5479
1,"",4,4,5,1,1,1,4,4,3,4,4,4,2,11,1,2,1,1,"",4,"",NA,NA,NA,NA,NA,NA,NA,NA,NA,NA,NA,NA,NA,NA,NA,NA,212
1,"",4,2,2,1,1,1,4,4,3,4,5,4,9,1,1,2,1,1,"",2,"",1,"",NA,"",4,2,2,1,2,1,4,5,4,5,5,4,3073
1,"",4,4,5,1,1,1,5,5,5,3,4,3,19,9,1,2,1,1,"",4,"",1,"",NA,"",4,4,5,2,1,1,5,3,3,2,4,3,6483
1,"",5,5,5,5,3,3,3,3,5,3,3,3,9,10,1,2,1,1,"",4,"",1,"",NA,"",5,5,5,1,1,1,3,3,4,4,4,3,2800
1,"",2,1,1,1,3,2,2,3,2,4,4,3,5,4,1,2,1,1,"",4,"",1,"",NA,"",2,1,1,3,3,1,2,4,3,3,4,3,1522
2,"",2,4,3,2,1,1,2,3,3,2,4,3,12,6,1,2,1,1,"",4,"",2,"",NA,"",3,3,4,4,3,1,2,3,3,3,5,3,4018
1,"",3,1,2,2,3,2,4,3,3,4,5,4,6,11,1,2,2,1,"",2,"",NA,NA,NA,NA,NA,NA,NA,NA,NA,NA,NA,NA,NA,NA,NA,NA,1673
1,"",3,3,4,2,2,2,4,4,4,4,4,4,34,8,1,2,1,2,"Welsh",3,"",1,"",NA,"",4,2,3,2,2,3,4,5,5,4,4,3,11992
1,"",4,1,2,1,1,1,5,5,5,5,5,5,5,10,1,2,1,1,"",4,"",1,"",NA,"",2,1,3,1,1,1,5,5,5,5,5,5,1339
1,"",4,3,3,1,1,1,5,4,5,5,5,5,13,1,1,1,2,1,"",4,"",1,"",NA,"",4,3,4,3,2,1,5,2,5,5,5,5,4534
1,"",4,2,2,1,1,1,4,5,5,5,5,5,10,9,1,2,1,1,"",4,"",NA,NA,NA,NA,NA,NA,NA,NA,NA,NA,NA,NA,NA,NA,NA,NA,3195
1,"",5,5,5,5,5,1,4,5,5,3,4,3,13,5,1,2,1,1,"",4,"",1,"",NA,"",5,5,5,4,3,2,4,5,5,3,2,2,4414
1,"",4,4,5,1,1,1,2,2,3,5,4,4,3,10,1,2,1,1,"",4,"",1,"",NA,"",5,4,4,2,2,1,2,4,4,4,5,5,609
1,"",5,1,1,1,1,1,5,5,5,5,5,4,12,8,1,2,1,1,"",5,"",1,"",NA,"",4,1,3,2,1,1,4,4,4,5,5,4,3957
1,"",4,3,4,4,2,2,5,4,5,2,3,2,5,5,1,2,1,1,"",3,"",1,"",NA,"",5,2,5,2,4,2,1,5,5,2,4,2,1492
3,"Student",1,1,1,1,1,2,1,4,4,5,5,4,1,3,1,2,1,1,"",3,"",NA,NA,NA,NA,NA,NA,NA,NA,NA,NA,NA,NA,NA,NA,NA,NA,92
1,"",4,4,5,4,2,1,3,4,4,3,3,2,15,5,1,2,1,1,"",4,"",1,"",NA,"",5,5,5,5,2,2,4,3,3,2,2,2,5145
1,"",3,2,3,2,2,2,4,5,5,4,4,5,3,8,1,2,1,2,"Dutch",4,"",1,"",NA,"",4,3,4,2,2,2,3,4,4,2,4,4,670
1,"",4,1,2,1,1,1,4,2,4,5,5,5,4,5,1,2,1,1,"",2,"",1,"",NA,"",4,2,4,2,2,2,3,3,3,4,3,3,1127
2,"",1,1,1,1,1,1,5,5,5,5,5,5,2,6,1,2,1,1,"",3,"",2,"",NA,"",3,2,5,5,4,4,1,1,1,5,5,4,365
1,"",2,1,2,1,1,1,5,5,5,5,5,5,10,10,1,2,1,1,"",2,"",1,"",NA,"",4,1,2,1,1,1,4,4,4,5,5,5,3165
2,"",3,4,3,4,2,1,4,4,4,3,3,5,4,8,1,2,1,1,"",3,"",NA,NA,NA,NA,NA,NA,NA,NA,NA,NA,NA,NA,NA,NA,NA,NA,1035
3,"unemployed",4,4,5,2,1,1,4,4,4,4,4,4,2,9,1,2,1,1,"",3,"",NA,NA,NA,NA,NA,NA,NA,NA,NA,NA,NA,NA,NA,NA,NA,NA,273
1,"",4,1,2,1,1,1,5,5,5,5,5,5,5,9,1,2,1,1,"",3,"",1,"",NA,"",5,3,3,2,1,1,3,2,4,5,5,4,1369
2,"",5,4,4,1,1,1,5,5,5,5,5,5,3,12,1,2,1,1,"",4,"",2,"",NA,"",4,3,4,2,1,1,2,1,5,5,5,4,548
1,"",5,5,5,1,1,1,5,4,5,5,5,2,5,7,1,2,1,1,"",4,"",1,"",NA,"",5,5,5,1,1,1,5,5,5,5,5,4,1431
2,"",1,2,2,2,2,1,2,4,4,4,5,4,5,3,1,1,2,1,"",5,"",2,"",NA,"",2,1,2,2,1,2,5,4,4,4,5,5,1553
1,"",5,5,5,5,5,4,2,4,4,2,2,2,6,9,1,2,1,1,"",3,"",1,"",NA,"",4,4,4,5,2,2,5,5,4,5,5,4,1734
1,"",5,2,4,1,1,1,4,1,3,5,5,5,8,8,1,2,1,1,"",2,"",1,"",NA,"",5,4,4,2,1,1,4,2,4,5,5,5,2496
1,"",3,1,1,1,1,1,4,4,3,4,4,4,10,1,1,2,1,1,"",4,"",1,"",NA,"",2,1,2,1,1,1,3,4,4,2,5,3,3439
2,"",4,2,3,4,3,1,2,4,4,4,4,4,2,4,1,2,1,1,"",4,"",2,"",NA,"",4,3,4,3,2,2,2,4,4,4,4,4,426
2,"",4,4,4,2,1,1,4,4,4,5,5,4,1,1,1,2,1,1,"",4,"",2,"",NA,"",2,2,2,1,1,1,2,2,4,5,5,5,151
1,"",2,2,2,3,4,3,4,2,2,5,4,4,2,4,1,2,1,1,"",2,"",2,"",NA,"",2,3,4,2,4,2,2,2,2,5,5,5,426
2,"",4,4,5,4,5,5,2,4,4,2,2,2,3,2,1,2,1,1,"",4,"",2,"",2,"",NA,NA,NA,NA,NA,NA,NA,NA,NA,NA,NA,NA,851
1,"",2,1,1,1,1,1,4,5,3,4,4,3,20,2,1,2,2,1,"",4,"",1,"",NA,"",1,1,1,1,1,1,4,4,4,3,5,2,7060
1,"",1,1,3,1,2,1,2,4,4,3,4,2,1,3,1,2,1,1,"",2,"",1,"",NA,"",3,2,3,1,2,1,1,2,3,3,4,4,92
1,"",4,4,4,1,2,1,2,3,4,5,5,5,11,11,1,2,2,1,"",5,"",1,"",NA,"",4,5,5,1,1,1,4,5,5,5,5,4,3500
1,"",5,4,4,2,1,3,4,2,3,5,4,4,2,11,2,2,1,1,"",4,"",NA,NA,NA,NA,NA,NA,NA,NA,NA,NA,NA,NA,NA,NA,NA,NA,212
1,"",3,3,2,1,1,1,4,3,4,5,5,5,6,8,1,2,1,1,"",4,"",3,"Employed only",2,"",NA,NA,NA,NA,NA,NA,NA,NA,NA,NA,NA,NA,1765
2,"",1,2,1,1,1,1,1,1,1,4,5,5,5,9,2,2,1,1,"",4,"",NA,NA,NA,NA,NA,NA,NA,NA,NA,NA,NA,NA,NA,NA,NA,NA,1369
1,"",4,2,2,4,4,4,3,5,5,2,4,1,5,4,1,2,1,1,"",4,"",1,"",NA,"",5,2,2,2,4,2,3,4,4,3,4,2,1522
2,"",3,1,1,1,1,1,2,2,2,5,5,5,9,12,1,2,1,1,"",4,"",2,"",NA,"",2,1,2,1,1,1,1,4,2,5,5,5,2739
2,"",5,5,5,4,2,3,4,5,5,5,4,4,2,3,1,2,1,1,"",6,"Post Graduate",2,"",NA,"",5,5,5,4,3,3,2,5,4,4,4,4,457
2,"",2,3,2,1,1,1,5,5,5,5,5,5,4,7,1,2,1,1,"",3,"",2,"",NA,"",2,3,2,1,1,1,5,5,5,5,5,5,1066
1,"",3,2,3,1,1,1,4,4,4,4,4,4,8,9,1,2,1,1,"",4,"",1,"",NA,"",3,3,3,1,1,1,4,4,4,3,4,4,2465
1,"",4,4,5,4,2,2,2,2,3,4,5,4,3,10,1,2,1,1,"",4,"",2,"",3,"Pessimism",4,4,4,3,4,4,1,4,2,2,2,2,609
2,"",4,3,4,4,3,3,3,4,4,5,5,5,7,4,1,2,1,1,"",3,"",2,"",NA,"",4,4,5,3,2,1,4,5,5,5,3,3,2253
2,"",4,1,1,1,1,1,4,2,2,4,5,1,2,12,2,2,2,1,"",3,"",NA,NA,NA,NA,NA,NA,NA,NA,NA,NA,NA,NA,NA,NA,NA,NA,182
1,"",3,2,3,2,3,2,3,3,4,4,4,4,1,4,1,2,1,2,"Turkish",6,"Master’s degree",3,"Working for employer and waiting to stop my self employment",2,"",NA,NA,NA,NA,NA,NA,NA,NA,NA,NA,NA,NA,61
1,"",3,3,3,3,3,3,3,3,3,3,3,3,23,10,1,2,1,1,"",4,"",1,"",NA,"",2,2,2,3,3,3,3,3,3,3,3,3,7914
1,"",1,1,1,1,1,1,4,5,5,4,4,3,20,9,1,2,1,1,"",4,"",1,"",NA,"",1,1,1,1,1,1,3,5,4,4,5,3,6848
1,"",4,2,3,1,1,1,5,5,5,4,4,3,6,6,1,2,2,1,"",4,"",1,"",NA,"",3,2,2,1,1,1,4,5,5,4,4,4,1826
1,"",4,1,2,1,1,1,5,5,5,5,5,5,6,1,1,2,1,1,"",4,"",1,"",NA,"",4,1,4,1,2,1,4,5,4,5,5,4,1978
1,"",5,1,4,1,1,1,4,3,4,4,4,4,10,5,1,2,1,1,"",5,"",1,"",NA,"",5,1,5,3,1,1,5,4,4,3,2,3,3318
1,"",3,4,3,2,2,1,3,2,2,5,4,4,7,8,1,2,1,2,"Slovak",4,"",1,"",NA,"",3,3,4,3,2,1,5,5,5,4,4,4,2131
2,"",1,1,1,1,1,1,5,1,4,5,5,5,7,1,1,1,1,2,"Shona",4,"",2,"",NA,"",5,2,1,1,1,1,5,2,4,5,5,4,2343
1,"",4,4,4,1,1,1,5,5,5,5,5,5,5,9,1,2,1,1,"",4,"",NA,NA,NA,NA,NA,NA,NA,NA,NA,NA,NA,NA,NA,NA,NA,NA,1369
2,"",4,3,2,4,4,3,2,2,4,5,5,5,14,3,1,2,1,1,"",3,"",2,"",NA,"",5,4,4,4,5,4,2,4,5,5,4,4,4840
1,"",5,5,5,4,4,4,3,4,3,4,4,4,3,10,1,2,1,1,"",4,"",NA,NA,NA,NA,NA,NA,NA,NA,NA,NA,NA,NA,NA,NA,NA,NA,609
2,"",4,1,3,3,2,2,2,2,3,5,5,4,6,5,2,2,1,1,"",3,"",NA,NA,NA,NA,NA,NA,NA,NA,NA,NA,NA,NA,NA,NA,NA,NA,1857
1,"",5,2,4,1,1,1,5,4,4,5,5,4,19,7,1,2,1,2,"Russian",4,"",1,"",NA,"",5,2,4,2,2,2,5,4,4,5,5,4,6545
1,"",4,1,3,2,1,1,4,2,2,5,4,5,9,9,1,2,1,1,"",6,"Masters Degree",1,"",NA,"",5,3,4,1,2,1,4,3,4,4,4,4,2830
2,"",5,4,4,4,4,4,2,4,4,5,5,5,4,4,1,2,2,1,"",4,"",2,"",2,"",NA,NA,NA,NA,NA,NA,NA,NA,NA,NA,NA,NA,1157
2,"",4,5,5,2,1,1,5,5,5,5,5,4,18,4,1,2,1,1,"",2,"",1,"",NA,"",4,4,5,1,1,1,5,5,5,4,5,4,6270
2,"",4,3,4,4,4,3,2,5,4,3,4,4,10,5,1,2,1,1,"",4,"",2,"",2,"",NA,NA,NA,NA,NA,NA,NA,NA,NA,NA,NA,NA,3318
1,"",4,3,3,1,4,1,1,1,1,4,4,4,12,9,1,2,2,1,"",4,"",NA,NA,NA,NA,NA,NA,NA,NA,NA,NA,NA,NA,NA,NA,NA,NA,3926
1,"",3,2,2,2,2,2,4,4,4,4,4,5,4,10,1,2,1,1,"",2,"",1,"",NA,"",3,4,4,2,4,3,5,5,4,4,4,3,974
1,"",4,3,5,4,5,3,2,2,2,2,4,4,3,5,1,2,1,1,"",4,"",2,"",2,"",NA,NA,NA,NA,NA,NA,NA,NA,NA,NA,NA,NA,762
2,"",4,3,4,1,1,1,4,5,5,5,5,5,1,1,1,2,1,1,"",4,"",1,"",NA,"",4,2,3,1,1,1,4,3,5,5,5,4,151
2,"",4,2,4,3,3,1,3,2,5,5,3,4,9,8,1,2,1,1,"",4,"",2,"",NA,"",4,2,3,2,4,4,4,5,5,4,5,3,2861
1,"",2,4,5,1,4,1,2,5,2,5,5,5,9,8,1,1,1,1,"",3,"",3,"Retired",2,"",NA,NA,NA,NA,NA,NA,NA,NA,NA,NA,NA,NA,2861
2,"",2,1,1,2,2,2,4,5,5,4,5,4,12,4,1,2,1,1,"",4,"",2,"",NA,"",4,1,1,2,2,1,2,4,2,4,5,4,4079
2,"",4,4,4,4,4,5,2,3,2,3,2,3,2,2,1,2,1,1,"",3,"",NA,NA,NA,NA,NA,NA,NA,NA,NA,NA,NA,NA,NA,NA,NA,NA,486
1,"",4,4,5,3,3,3,4,4,4,4,4,3,7,8,1,2,1,1,"",2,"",1,"",NA,"",5,5,5,4,3,3,4,4,4,4,3,3,2131
1,"",1,4,4,1,1,1,1,2,1,5,5,5,6,10,1,2,1,1,"",4,"",1,"",NA,"",1,4,4,2,1,1,4,2,3,5,5,4,1704
1,"",4,1,2,1,4,1,4,3,2,5,5,5,8,4,1,2,1,1,"",3,"",1,"",NA,"",4,1,3,1,2,1,3,5,4,5,5,4,2618
1,"",5,3,5,1,1,1,3,5,3,5,5,2,6,1,1,2,1,2,"Vietnamese",4,"",1,"",NA,"",5,3,4,1,1,1,5,5,3,3,5,3,1978
1,"",3,4,2,3,3,3,2,2,3,3,3,3,5,9,1,2,1,1,"",4,"",2,"",NA,"",2,3,4,3,3,3,3,4,3,3,2,3,1369
2,"",3,4,5,2,1,1,4,4,4,2,3,2,6,6,1,2,1,1,"",4,"",2,"",NA,"",4,3,5,2,2,1,3,2,4,2,4,2,1826
1,"",3,2,2,1,2,2,2,1,3,5,5,4,4,5,1,2,2,1,"",3,"",1,"",NA,"",4,3,2,1,2,1,2,2,4,4,5,4,1127
2,"",2,2,2,1,1,1,4,5,5,5,5,5,8,7,1,2,1,1,"",4,"",1,"",NA,"",4,4,4,1,2,2,5,5,5,5,5,5,2527
1,"",5,5,5,2,2,1,4,5,5,4,4,4,2,5,1,2,1,1,"",4,"",NA,NA,NA,NA,NA,NA,NA,NA,NA,NA,NA,NA,NA,NA,NA,NA,396
2,"",5,3,4,3,2,2,4,4,3,5,4,4,8,9,1,2,1,1,"",4,"",NA,NA,NA,NA,NA,NA,NA,NA,NA,NA,NA,NA,NA,NA,NA,NA,2465
2,"",3,2,2,3,2,1,5,5,4,5,5,5,3,7,1,2,1,1,"",4,"",1,"",NA,"",4,2,2,1,1,1,3,4,4,5,5,5,701
1,"",5,1,3,2,1,1,5,4,5,3,4,4,8,10,2,1,1,1,"",4,"",NA,NA,NA,NA,NA,NA,NA,NA,NA,NA,NA,NA,NA,NA,NA,NA,2435
1,"",4,1,3,1,1,1,5,5,2,5,5,4,11,6,1,2,1,1,"",2,"",1,"",NA,"",5,4,4,1,1,1,4,5,5,5,5,4,3653
3,"Self-employed and student",2,2,1,1,2,1,1,2,2,4,4,4,4,9,1,2,1,2,"French",2,"",1,"",NA,"",1,1,1,1,1,1,1,2,1,5,5,4,1004
2,"",4,1,1,1,1,1,1,1,1,5,5,5,5,11,1,2,1,2,"German",4,"",2,"",NA,"",5,5,5,4,2,1,1,1,1,5,5,5,1308
2,"",5,5,5,4,1,1,1,4,3,3,2,4,5,9,1,2,1,1,"",6,"PGCE",2,"",NA,"",4,3,3,3,2,2,1,4,5,3,3,3,1369
2,"",4,2,2,1,1,1,4,5,4,5,5,4,10,8,1,2,1,1,"",4,"",2,"",NA,"",4,3,4,2,3,3,5,5,4,4,4,2,3226
1,"",3,2,2,1,1,1,4,4,4,5,5,5,6,3,1,2,1,1,"",2,"",1,"",NA,"",4,1,1,1,1,1,1,1,1,5,5,5,1918
2,"",4,4,5,4,2,4,4,4,4,2,2,4,2,1,1,2,1,1,"",4,"",NA,NA,NA,NA,NA,NA,NA,NA,NA,NA,NA,NA,NA,NA,NA,NA,517
1,"",3,1,3,2,3,3,5,4,4,5,5,5,13,10,1,2,1,1,"",2,"",1,"",NA,"",3,2,3,2,3,3,3,3,3,4,5,4,4261
1,"",4,2,3,3,3,1,5,5,3,5,5,5,7,4,1,2,1,1,"",2,"",1,"",NA,"",4,3,2,1,4,1,5,5,5,5,5,5,2253
2,"",2,2,2,3,2,2,2,2,2,5,5,5,2,3,1,2,1,1,"",4,"",2,"",1,"",5,2,2,4,4,1,4,5,5,4,5,2,457
1,"",1,1,1,1,1,1,5,5,5,5,5,5,5,3,2,1,1,1,"",4,"",NA,NA,NA,NA,NA,NA,NA,NA,NA,NA,NA,NA,NA,NA,NA,NA,1553
1,"",5,5,5,4,4,3,1,2,1,5,5,5,4,11,1,2,1,1,"",4,"",1,"",NA,"",4,4,5,4,2,1,2,2,5,5,4,4,943
2,"",3,3,4,2,2,3,3,4,4,4,5,4,3,11,1,2,1,1,"",6,"College",2,"",NA,"",3,2,2,2,1,1,3,4,4,4,5,4,578
1,"",2,2,2,2,2,1,2,2,4,5,5,4,4,2,1,1,1,1,"",4,"",1,"",NA,"",4,4,4,1,1,1,3,4,4,5,5,4,1216
1,"",5,5,5,4,3,2,4,5,4,2,2,2,15,1,1,2,1,1,"",3,"",1,"",NA,"",4,4,4,3,2,2,5,5,5,3,2,2,5265
1,"",4,4,4,3,2,2,4,3,4,4,4,4,5,10,1,2,2,1,"",4,"",1,"",NA,"",4,4,3,2,2,2,3,4,4,4,4,3,1339
1,"",3,2,3,3,2,2,4,5,5,3,3,2,6,2,1,2,1,1,"",3,"",1,"",1,"",NA,NA,NA,NA,NA,NA,NA,NA,NA,NA,NA,NA,1947
2,"",5,4,4,5,5,5,2,4,4,2,5,2,9,3,1,2,1,1,"",4,"",2,"",NA,"",5,4,4,4,3,2,5,5,4,3,5,3,3014
1,"",5,4,4,1,1,1,2,2,4,5,5,5,2,10,1,2,1,1,"",4,"",1,"",NA,"",5,4,5,1,4,1,4,2,5,5,5,5,243
1,"",4,2,4,1,1,1,5,5,5,5,5,5,3,7,1,2,1,1,"",4,"",1,"",NA,"",4,1,2,1,1,1,4,4,5,5,5,3,701
1,"",4,4,4,4,4,5,4,5,4,5,5,5,1,1,1,1,1,1,"",3,"",NA,NA,NA,NA,NA,NA,NA,NA,NA,NA,NA,NA,NA,NA,NA,NA,151
1,"",4,2,2,1,1,1,2,4,2,5,5,5,25,7,1,1,2,1,"",2,"",1,"",NA,"",4,2,2,1,1,1,5,5,5,5,5,4,8736
1,"",5,1,1,1,1,1,5,5,4,5,5,5,22,10,2,1,2,1,"",4,"",NA,NA,NA,NA,NA,NA,NA,NA,NA,NA,NA,NA,NA,NA,NA,NA,7548
2,"",4,3,3,4,5,2,1,2,2,2,4,2,13,6,1,2,1,1,"",3,"",2,"",NA,"",5,1,4,5,5,5,1,4,2,4,4,2,4383
1,"",4,4,4,4,4,4,3,3,5,4,3,3,4,10,1,2,1,2,"russian",4,"",1,"",NA,"",5,5,5,5,4,4,3,3,4,4,2,3,974
1,"",4,5,5,4,2,2,5,4,5,4,5,3,2,3,1,2,1,1,"",5,"",NA,NA,NA,NA,NA,NA,NA,NA,NA,NA,NA,NA,NA,NA,NA,NA,457
2,"",4,3,3,2,4,1,5,4,4,3,5,4,5,5,1,2,1,1,"",4,"",2,"",NA,"",2,3,3,2,4,3,3,2,3,4,5,4,1492
1,"",2,1,2,1,1,1,2,2,3,3,5,3,9,6,1,2,1,1,"",4,"",1,"",NA,"",1,1,1,1,2,1,4,4,5,4,5,4,2922
2,"",3,2,4,2,3,2,2,3,2,4,4,3,2,12,1,2,1,1,"",3,"",2,"",NA,"",4,4,5,4,4,1,2,1,1,4,4,3,182
2,"",4,2,2,1,1,1,2,4,4,5,5,5,2,6,1,2,1,1,"",4,"",2,"",NA,"",5,2,3,1,1,1,2,3,5,5,5,5,365
2,"",3,2,2,2,1,1,2,2,3,5,5,5,2,5,1,2,1,1,"",3,"",2,"",NA,"",2,4,4,2,2,2,4,2,2,4,4,4,396
2,"",4,3,2,4,2,2,5,5,4,4,4,3,4,8,1,2,1,1,"",4,"",2,"",NA,"",4,2,4,2,1,1,4,5,5,4,5,2,1035
1,"",2,3,4,2,2,2,3,4,4,3,4,4,7,11,1,1,1,1,"",3,"",1,"",NA,"",4,4,4,3,2,2,2,4,4,3,3,4,2039
2,"",3,1,2,4,1,1,2,4,3,5,3,5,42,4,2,1,2,1,"",4,"",NA,NA,NA,NA,NA,NA,NA,NA,NA,NA,NA,NA,NA,NA,NA,NA,15036
2,"",4,3,2,4,2,1,3,1,2,5,5,4,8,3,1,2,2,1,"",4,"",2,"",NA,"",2,1,1,2,2,1,2,4,3,4,5,2,2649
1,"",4,4,4,1,1,1,5,4,4,4,4,4,6,10,1,1,1,1,"",4,"",2,"",NA,"",2,1,1,1,1,1,3,2,2,5,5,5,1704
2,"",3,4,2,3,4,2,4,4,3,2,1,3,3,3,1,1,2,1,"",4,"",NA,NA,NA,NA,NA,NA,NA,NA,NA,NA,NA,NA,NA,NA,NA,NA,823
1,"",4,1,3,4,2,1,5,5,5,5,5,4,20,3,1,1,2,1,"",5,"",1,"",NA,"",5,4,5,3,3,2,5,5,5,3,3,3,7032
2,"",2,1,2,2,2,1,2,4,4,4,5,4,11,7,1,2,1,1,"",4,"",2,"",NA,"",4,2,2,2,3,1,2,2,4,4,4,4,3623
1,"",5,4,3,1,1,1,5,5,5,4,5,4,18,10,1,1,2,1,"",3,"",1,"",1,"",NA,NA,NA,NA,NA,NA,NA,NA,NA,NA,NA,NA,6087
1,"",4,4,4,2,2,1,5,5,5,2,5,4,11,9,1,1,1,1,"",2,"",2,"",2,"",NA,NA,NA,NA,NA,NA,NA,NA,NA,NA,NA,NA,3561
2,"",4,1,3,1,1,1,2,4,4,5,5,5,2,1,1,2,1,1,"",4,"",1,"",NA,"",5,5,3,1,1,1,2,4,5,5,5,5,517
2,"",3,3,3,4,3,3,3,4,4,3,3,3,1,1,1,2,1,1,"",4,"",2,"",NA,"",3,3,4,4,4,4,2,5,4,3,4,2,151
1,"",4,4,5,2,4,3,4,4,5,5,5,5,3,4,1,1,1,1,"",4,"",1,"",2,"",5,5,5,5,4,4,2,4,4,2,2,2,792
1,"",5,4,4,2,3,1,4,4,5,4,5,3,3,2,1,2,1,1,"",4,"",NA,NA,NA,NA,NA,NA,NA,NA,NA,NA,NA,NA,NA,NA,NA,NA,851
2,"",5,4,5,1,1,1,5,2,4,5,5,5,2,2,1,2,1,1,"",2,"",NA,NA,NA,NA,NA,NA,NA,NA,NA,NA,NA,NA,NA,NA,NA,NA,486
1,"",3,2,2,2,4,2,3,5,5,4,5,4,16,4,1,2,1,1,"",4,"",1,"",NA,"",3,1,3,4,5,2,3,5,5,5,5,4,5540
2,"",4,2,2,2,2,1,4,4,4,2,2,2,2,10,2,2,1,1,"",5,"",NA,NA,NA,NA,NA,NA,NA,NA,NA,NA,NA,NA,NA,NA,NA,NA,243
2,"",3,2,3,1,2,1,5,3,3,3,4,3,2,4,1,2,1,1,"",3,"",2,"",NA,"",5,2,4,4,3,3,4,3,3,3,4,3,426
1,"",3,4,5,3,2,1,4,5,5,5,5,5,1,5,1,2,1,2,"Russian",3,"",2,"",NA,"",5,5,5,1,2,1,5,4,5,5,5,5,31
1,"",4,1,2,3,2,1,1,1,1,3,5,3,12,5,1,1,2,1,"",4,"",NA,NA,NA,NA,NA,NA,NA,NA,NA,NA,NA,NA,NA,NA,NA,NA,4049
2,"",1,1,2,1,2,1,4,1,1,4,5,4,4,3,1,2,1,1,"",4,"",NA,NA,NA,NA,NA,NA,NA,NA,NA,NA,NA,NA,NA,NA,NA,NA,1188
2,"",5,2,2,3,4,2,5,5,5,5,4,4,5,5,1,1,2,1,"",4,"",2,"",NA,"",4,2,4,3,3,2,4,5,5,4,5,4,1492
1,"",4,1,3,1,1,1,5,1,5,5,5,5,7,8,1,1,1,1,"",3,"",NA,NA,NA,NA,NA,NA,NA,NA,NA,NA,NA,NA,NA,NA,NA,NA,2131
1,"",5,2,2,1,2,2,4,4,3,3,4,3,12,1,1,2,1,1,"",3,"",NA,NA,NA,NA,NA,NA,NA,NA,NA,NA,NA,NA,NA,NA,NA,NA,4169
1,"",5,5,5,4,3,3,3,4,4,3,3,3,3,11,1,2,1,2,"French",4,"",NA,NA,NA,NA,NA,NA,NA,NA,NA,NA,NA,NA,NA,NA,NA,NA,578
2,"",4,2,2,3,1,1,4,3,3,4,4,3,12,10,2,2,2,1,"",2,"",NA,NA,NA,NA,NA,NA,NA,NA,NA,NA,NA,NA,NA,NA,NA,NA,3896
2,"",3,1,4,5,5,4,2,1,1,4,5,3,1,1,1,2,1,1,"",4,"",3,"Employed",2,"",NA,NA,NA,NA,NA,NA,NA,NA,NA,NA,NA,NA,151
1,"",3,4,4,1,1,1,3,2,2,5,5,5,3,1,1,2,1,1,"",4,"",1,"",NA,"",4,5,5,2,3,1,2,3,3,4,5,5,882
1,"",4,4,3,1,1,1,2,2,3,3,5,3,5,6,1,2,1,2,"Polish",4,"",1,"",NA,"",4,4,3,4,4,4,3,4,4,4,4,2,1461
2,"",5,5,5,3,3,3,4,5,4,3,3,3,3,9,2,2,2,1,"",4,"",NA,NA,NA,NA,NA,NA,NA,NA,NA,NA,NA,NA,NA,NA,NA,NA,639
1,"",4,3,3,1,1,1,4,4,5,5,5,4,13,10,1,1,2,1,"",5,"",1,"",NA,"",4,1,1,3,1,1,2,1,3,5,5,4,4261
1,"",1,1,1,1,1,1,4,4,4,5,5,4,14,7,1,2,1,1,"",4,"",2,"",NA,"",4,2,2,1,1,1,4,4,4,5,4,5,4718
2,"",4,4,5,2,4,1,2,4,3,4,4,3,12,3,2,1,2,2,"Russian",2,"",NA,NA,NA,NA,NA,NA,NA,NA,NA,NA,NA,NA,NA,NA,NA,NA,4110
2,"",2,2,3,1,1,1,4,2,5,4,5,4,8,10,1,2,1,2,"French",4,"",2,"",NA,"",3,3,4,1,1,1,5,3,5,4,5,4,2435
1,"",5,3,5,2,2,2,4,2,4,4,4,4,6,1,1,2,1,1,"",4,"",1,"",NA,"",5,3,4,4,1,1,4,4,5,3,4,4,1978
2,"",4,2,5,1,1,1,4,3,3,5,4,4,2,1,1,2,2,1,"",4,"",2,"",NA,"",2,1,2,1,1,1,3,1,1,4,5,4,517
2,"",4,3,3,3,2,1,2,3,2,5,4,5,7,12,1,2,1,1,"",3,"",1,"",NA,"",4,3,3,1,1,1,5,5,5,5,5,5,2009
2,"",4,2,2,1,1,1,5,4,4,4,5,4,2,4,1,2,1,1,"",3,"",1,"",NA,"",2,1,2,1,1,1,5,1,5,5,5,5,426
1,"",5,4,5,4,2,1,4,2,4,3,2,4,1,2,2,2,2,1,"",2,"",NA,NA,NA,NA,NA,NA,NA,NA,NA,NA,NA,NA,NA,NA,NA,NA,120
1,"",3,2,1,1,1,1,5,5,5,3,5,3,12,7,1,1,1,1,"",4,"",NA,NA,NA,NA,NA,NA,NA,NA,NA,NA,NA,NA,NA,NA,NA,NA,3988
2,"",4,2,2,4,4,4,2,2,2,4,5,4,5,6,1,2,2,1,"",4,"",2,"",NA,"",4,2,2,4,3,3,4,1,1,4,5,4,1461
1,"",5,3,3,1,1,1,5,5,5,5,5,4,12,6,1,2,1,1,"",2,"",1,"",NA,"",5,3,4,1,1,1,5,5,5,5,5,4,4018
1,"",1,1,1,1,1,1,5,4,5,5,5,5,5,10,1,1,1,1,"",4,"",1,"",NA,"",4,2,4,1,2,1,5,1,4,5,5,4,1339
1,"",4,3,4,2,1,1,4,4,5,4,5,4,2,5,1,2,2,1,"",4,"",1,"",NA,"",4,4,4,2,1,1,3,4,4,3,4,3,396
1,"",4,3,4,3,3,1,4,5,5,2,5,3,17,6,1,2,1,1,"",4,"",1,"",NA,"",5,4,4,2,1,1,5,5,5,5,5,4,5844
2,"",4,2,2,2,2,2,4,4,4,4,4,4,12,5,1,2,2,1,"",4,"",2,"",NA,"",4,2,3,2,2,2,4,4,4,4,4,4,4049
1,"",3,2,2,1,2,1,3,3,3,4,5,4,10,4,1,1,2,1,"",4,"",2,"",NA,"",2,2,2,2,2,2,3,4,3,4,4,4,3348
1,"",1,1,1,1,1,1,1,2,1,5,5,5,13,11,1,2,1,1,"",4,"",1,"",NA,"",2,1,1,1,4,1,2,2,2,4,4,3,4230
1,"",3,2,2,1,1,1,3,3,3,5,5,4,7,10,1,2,1,1,"",4,"",1,"",NA,"",3,3,4,3,3,3,3,3,3,3,3,3,2070
2,"",3,1,2,2,2,1,2,3,2,3,5,4,32,10,1,2,1,1,"",4,"",1,"",NA,"",2,4,4,2,2,2,5,5,5,3,5,4,11201
1,"",2,4,4,2,1,1,4,5,5,4,5,4,9,8,2,1,2,1,"",4,"",NA,NA,NA,NA,NA,NA,NA,NA,NA,NA,NA,NA,NA,NA,NA,NA,2861
1,"",5,4,5,1,1,1,5,5,5,2,2,3,14,9,1,2,1,2,"TURKISH",6,"MASTERS DEGREE",2,"",NA,"",4,5,5,2,3,3,3,3,5,3,2,2,4656
1,"",3,3,4,1,2,1,4,4,3,4,4,3,37,5,1,2,1,1,"",3,"",1,"",NA,"",5,4,4,1,2,2,3,2,4,5,5,4,13180
1,"",2,1,1,1,1,1,2,2,4,5,5,4,14,6,1,2,1,1,"",4,"",1,"",NA,"",4,2,4,4,2,2,4,5,4,4,4,3,4748
1,"",4,2,3,1,1,1,5,5,5,5,5,5,5,11,1,2,1,2,"Swedish",4,"",3,"Employed",3,"I was offered employment in the same field",NA,NA,NA,NA,NA,NA,NA,NA,NA,NA,NA,NA,1308
1,"",3,2,3,1,1,1,5,5,5,5,5,5,3,2,1,2,1,1,"",4,"",1,"",NA,"",2,2,2,2,2,2,4,4,4,5,5,5,851
1,"",1,1,1,2,2,1,2,1,5,5,3,5,4,5,1,2,1,1,"",4,"",1,"",NA,"",4,1,2,3,3,2,1,1,1,4,5,2,1127
1,"",3,4,4,1,1,1,5,5,5,5,5,5,5,8,1,2,1,1,"",4,"",1,"",NA,"",4,4,4,3,1,1,5,5,5,5,5,4,1400
1,"",4,4,4,1,1,1,4,4,5,4,5,4,7,11,1,1,1,1,"",4,"",1,"",NA,"",4,4,4,2,1,1,5,5,5,4,4,4,2039
1,"",4,4,5,2,2,1,4,4,3,4,5,3,24,1,1,2,1,1,"",4,"",1,"",NA,"",4,3,4,4,4,1,2,3,2,4,4,3,8552
2,"",3,4,4,1,1,1,4,3,4,5,5,5,4,9,1,2,1,2,"Greek",4,"",2,"",NA,"",2,2,2,1,2,1,5,2,4,5,5,5,1004
3,"Employed",1,1,4,1,1,1,1,1,1,3,5,3,8,4,1,1,1,1,"",4,"",NA,NA,NA,NA,NA,NA,NA,NA,NA,NA,NA,NA,NA,NA,NA,NA,2618
2,"",5,2,4,4,4,2,2,4,5,4,1,4,2,3,1,2,1,1,"",4,"",2,"",NA,"",5,4,4,4,3,2,2,4,4,4,4,2,457
1,"",5,4,4,1,1,1,4,4,3,2,5,4,1,4,1,2,1,1,"",4,"",1,"",NA,"",4,4,5,2,2,2,4,4,2,3,4,3,61
1,"",5,5,5,1,2,1,4,4,5,3,4,4,4,8,1,2,1,1,"",4,"",1,"",NA,"",5,5,5,2,2,2,4,2,5,4,5,4,1035
2,"",4,4,2,4,4,4,2,2,2,4,4,4,6,5,1,2,1,NA,"",NA,"",2,"",1,"",NA,NA,NA,NA,NA,NA,NA,NA,NA,NA,NA,NA,1857
3,"Employee",2,2,2,1,1,1,NA,NA,NA,NA,NA,NA,NA,NA,NA,NA,NA,NA,"",NA,"",NA,NA,NA,NA,NA,NA,NA,NA,NA,NA,NA,NA,NA,NA,NA,NA,NA
2,"",3,4,3,NA,NA,NA,NA,NA,NA,NA,NA,NA,NA,NA,NA,NA,NA,NA,"",NA,"",NA,NA,NA,NA,NA,NA,NA,NA,NA,NA,NA,NA,NA,NA,NA,NA,NA
2,"",NA,NA,NA,NA,NA,NA,NA,NA,NA,NA,NA,NA,NA,NA,NA,NA,NA,NA,"",NA,"",NA,NA,NA,NA,NA,NA,NA,NA,NA,NA,NA,NA,NA,NA,NA,NA,NA
3,"Employed",2,2,3,NA,NA,NA,NA,NA,NA,NA,NA,NA,NA,NA,NA,NA,NA,NA,"",NA,"",NA,NA,NA,NA,NA,NA,NA,NA,NA,NA,NA,NA,NA,NA,NA,NA,NA
