"RecordedDate","occ","mani_1","mani_2","mani_3","quit_1","quit_2","quit_3","finsit_1","finsit_2","year_1","month_1","found","coown","indu","locat","age_1","gender","edu","group","exp_cond","year","month","t1timebuiss","ID"
2021-05-03,2,5,5,5,5,4,4,2,2,12,9,1,1,3,"United Kingdom of Great Britain and Northern Ireland",30,2,4,"intervention",2,2010,"Sep",3897,1
2021-05-03,1,1,1,1,2,2,2,5,5,11,1,1,1,7,"United Kingdom of Great Britain and Northern Ireland",22,2,4,"control",1,2011,"Jan",3775,2
2021-05-03,1,2,1,1,1,1,1,2,2,9,8,1,1,4,"United Kingdom of Great Britain and Northern Ireland",34,2,3,"control",1,2013,"Aug",2832,3
2021-05-03,2,2,1,2,2,1,1,4,4,8,12,1,1,3,"United Kingdom of Great Britain and Northern Ireland",22,2,4,"control",1,2014,"Dec",2345,4
2021-05-03,1,3,2,1,2,2,1,2,2,25,3,1,2,2,"United Kingdom of Great Britain and Northern Ireland",37,2,3,"control",1,1997,"Mar",8829,5
2021-05-03,1,2,1,2,1,2,3,1,2,8,6,1,1,7,"United Kingdom of Great Britain and Northern Ireland",13,1,3,"control",1,2014,"Jun",2528,6
2021-05-03,1,1,1,1,1,1,1,2,1,29,8,1,1,2,"United Kingdom of Great Britain and Northern Ireland",34,2,3,"control",1,1993,"Aug",10137,7
2021-05-03,1,3,2,2,1,1,1,5,5,5,6,1,1,1,"United Kingdom of Great Britain and Northern Ireland",9,2,4,"control",1,2017,"Jun",1432,8
2021-05-03,1,4,5,4,3,4,2,4,4,2,3,1,1,4,"United Kingdom of Great Britain and Northern Ireland",19,1,2,"intervention",2,2020,"Mar",428,9
2021-05-03,1,4,5,5,2,2,1,4,5,8,5,1,1,2,"United Kingdom of Great Britain and Northern Ireland",15,1,4,"intervention",2,2014,"May",2559,10
2021-05-03,2,2,1,1,1,1,4,4,4,2,8,1,2,4,"United Kingdom of Great Britain and Northern Ireland",3,2,3,"control",1,2020,"Aug",275,11
2021-05-03,1,5,5,5,5,5,5,5,5,19,3,1,1,7,"United Kingdom of Great Britain and Northern Ireland",43,1,2,"intervention",2,2003,"Mar",6638,12
2021-05-03,1,2,2,2,4,4,4,1,2,3,9,1,1,2,"United Kingdom of Great Britain and Northern Ireland",9,2,3,"control",1,2019,"Sep",610,13
2021-05-03,1,4,1,2,4,4,3,3,2,25,8,1,1,1,"United Kingdom of Great Britain and Northern Ireland",40,1,3,"control",1,1997,"Aug",8676,14
2021-05-03,1,4,5,5,4,4,2,4,5,7,2,1,1,2,"United Kingdom of Great Britain and Northern Ireland",25,2,4,"intervention",2,2015,"Feb",2283,15
2021-05-03,1,5,5,5,4,4,4,5,5,7,7,1,2,3,"United Kingdom of Great Britain and Northern Ireland",41,2,4,"intervention",2,2015,"Jul",2133,16
2021-05-03,1,3,1,1,1,1,1,2,1,7,1,1,1,3,"United Kingdom of Great Britain and Northern Ireland",37,2,2,"control",1,2015,"Jan",2314,17
2021-05-03,1,5,5,5,2,3,2,4,5,8,5,1,1,3,"United Kingdom of Great Britain and Northern Ireland",45,2,4,"intervention",2,2014,"May",2559,18
2021-05-03,2,5,5,5,4,4,3,3,4,12,12,1,1,3,"United Kingdom of Great Britain and Northern Ireland",33,2,2,"intervention",2,2010,"Dec",3806,19
2021-05-03,2,3,1,1,1,1,1,2,4,7,6,1,1,7,"United Kingdom of Great Britain and Northern Ireland",3,2,2,"control",1,2015,"Jun",2163,20
2021-05-03,1,5,4,5,3,3,3,4,4,4,5,1,1,5,"United Kingdom of Great Britain and Northern Ireland",6,1,4,"intervention",2,2018,"May",1098,21
2021-05-03,2,3,1,1,1,1,1,2,1,2,7,1,1,3,"United Kingdom of Great Britain and Northern Ireland",11,1,2,"control",1,2020,"Jul",306,22
2021-05-03,1,5,5,5,2,2,2,2,5,12,6,1,1,7,"United Kingdom of Great Britain and Northern Ireland",35,2,3,"intervention",2,2010,"Jun",3989,23
2021-05-03,1,5,3,5,2,3,3,1,4,42,3,1,2,2,"United Kingdom of Great Britain and Northern Ireland",50,2,2,"control",1,1980,"Mar",15038,24
2021-05-03,1,2,1,1,1,1,1,2,1,1,1,1,1,3,"United Kingdom of Great Britain and Northern Ireland",48,2,4,"control",1,2021,"Jan",122,25
2021-05-03,2,2,1,2,1,1,1,1,2,4,9,1,1,1,"United Kingdom of Great Britain and Northern Ireland",16,2,4,"control",1,2018,"Sep",975,26
2021-05-03,1,5,5,5,2,2,2,1,2,4,4,1,1,7,"United Kingdom of Great Britain and Northern Ireland",18,1,4,"intervention",2,2018,"Apr",1128,27
2021-05-03,2,3,3,3,2,2,2,2,2,2,12,1,1,3,"United Kingdom of Great Britain and Northern Ireland",11,1,4,"control",1,2020,"Dec",153,28
2021-05-03,2,3,1,1,1,1,1,1,1,22,6,1,1,2,"United Kingdom of Great Britain and Northern Ireland",40,1,3,"control",1,2000,"Jun",7641,29
2021-05-03,1,2,2,1,1,1,1,4,5,10,2,1,2,1,"United Kingdom of Great Britain and Northern Ireland",24,2,4,"control",1,2012,"Feb",3379,30
2021-05-03,2,4,5,5,2,3,2,4,4,3,11,1,2,1,"United Kingdom of Great Britain and Northern Ireland",9,2,4,"intervention",2,2019,"Nov",549,31
2021-05-03,1,3,5,5,4,4,5,2,5,2,2,1,1,4,"United Kingdom of Great Britain and Northern Ireland",11,2,4,"intervention",2,2020,"Feb",457,32
2021-05-03,1,1,1,1,1,1,1,1,1,12,4,1,1,1,"United Kingdom of Great Britain and Northern Ireland",41,2,4,"control",1,2010,"Apr",4050,33
2021-05-03,1,5,5,5,4,3,2,1,2,21,7,1,1,7,"Austria",32,2,4,"intervention",2,2001,"Jul",7246,34
2021-05-03,2,5,5,5,2,4,2,2,5,6,11,1,1,3,"United Kingdom of Great Britain and Northern Ireland",48,1,4,"intervention",2,2016,"Nov",1644,35
2021-05-03,1,5,5,5,5,4,4,2,4,11,5,1,1,4,"United Kingdom of Great Britain and Northern Ireland",48,2,4,"intervention",2,2011,"May",3655,36
2021-05-03,2,5,5,5,5,4,4,2,3,5,12,1,1,7,"United Kingdom of Great Britain and Northern Ireland",14,2,4,"intervention",2,2017,"Dec",1249,37
2021-05-03,1,5,5,5,3,2,2,3,5,23,10,1,1,2,"United Kingdom of Great Britain and Northern Ireland",35,2,3,"intervention",2,1999,"Oct",7885,38
2021-05-03,1,2,1,1,1,1,1,2,4,25,9,1,1,7,"United Kingdom of Great Britain and Northern Ireland",44,2,4,"control",1,1997,"Sep",8645,39
2021-05-03,2,1,1,1,1,1,1,1,2,21,1,1,1,5,"United Kingdom of Great Britain and Northern Ireland",47,1,2,"control",1,2001,"Jan",7427,40
2021-05-03,1,5,5,5,2,2,2,2,2,5,7,1,2,2,"United Kingdom of Great Britain and Northern Ireland",32,2,3,"intervention",2,2017,"Jul",1402,41
2021-05-03,1,5,5,5,1,1,1,4,4,3,4,1,1,2,"United Kingdom of Great Britain and Northern Ireland",25,1,4,"intervention",2,2019,"Apr",763,42
2021-05-03,2,5,5,5,2,3,3,4,4,7,4,1,1,1,"United Kingdom of Great Britain and Northern Ireland",20,1,4,"intervention",2,2015,"Apr",2224,43
2021-05-03,1,3,1,1,1,1,1,1,1,2,4,1,1,7,"United Kingdom of Great Britain and Northern Ireland",44,2,2,"control",1,2020,"Apr",397,44
2021-05-03,1,5,5,5,3,4,2,4,5,28,7,1,1,7,"United Kingdom of Great Britain and Northern Ireland",43,2,2,"intervention",2,1994,"Jul",9803,45
2021-05-05,2,4,1,1,2,2,1,2,2,3,1,1,1,4,"United Kingdom of Great Britain and Northern Ireland",15,2,2,"control",1,2019,"Jan",855,46
2021-05-05,2,4,5,5,4,2,1,2,4,2,4,1,1,7,"United Kingdom of Great Britain and Northern Ireland",3,2,2,"intervention",2,2020,"Apr",399,47
2021-05-05,1,5,5,5,2,4,2,2,1,5,5,1,2,2,"United Kingdom of Great Britain and Northern Ireland",22,1,4,"intervention",2,2017,"May",1465,49
2021-05-05,2,5,5,5,4,3,3,3,5,3,1,1,1,7,"United Kingdom of Great Britain and Northern Ireland",16,1,4,"intervention",2,2019,"Jan",855,50
2021-05-05,2,5,5,5,4,4,4,5,5,8,7,1,1,7,"United Kingdom of Great Britain and Northern Ireland",27,2,5,"intervention",2,2014,"Jul",2500,51
2021-05-05,2,5,5,5,4,4,4,2,4,4,5,1,1,4,"United Kingdom of Great Britain and Northern Ireland",4,2,4,"intervention",2,2018,"May",1100,52
2021-05-05,1,2,1,1,1,1,1,4,5,7,7,1,1,4,"United Kingdom of Great Britain and Northern Ireland",25,1,6,"control",1,2015,"Jul",2135,53
2021-05-05,1,3,1,2,1,1,1,4,4,7,6,1,1,1,"United Kingdom of Great Britain and Northern Ireland",4,2,4,"control",1,2015,"Jun",2165,54
2021-05-05,1,5,5,5,4,4,4,5,5,3,10,1,1,1,"United Kingdom of Great Britain and Northern Ireland",8,2,2,"intervention",2,2019,"Oct",582,56
2021-05-05,1,1,1,1,1,1,1,4,4,4,9,1,2,1,"United Kingdom of Great Britain and Northern Ireland",15,1,4,"control",1,2018,"Sep",977,58
2021-05-05,1,4,2,2,1,1,1,4,4,4,1,1,2,4,"United Kingdom of Great Britain and Northern Ireland",14,2,4,"control",1,2018,"Jan",1220,59
2021-05-05,1,4,1,1,2,2,2,2,2,5,8,1,1,3,"United Kingdom of Great Britain and Northern Ireland",22,2,4,"control",1,2017,"Aug",1373,60
2021-05-05,2,5,5,5,5,4,4,1,2,5,9,1,1,3,"United Kingdom of Great Britain and Northern Ireland",13,2,4,"intervention",2,2017,"Sep",1342,61
2021-05-05,1,5,5,5,1,4,2,3,5,4,12,1,1,7,"United Kingdom of Great Britain and Northern Ireland",30,1,3,"intervention",2,2018,"Dec",886,62
2021-05-05,1,2,1,1,1,1,1,2,1,35,10,1,2,7,"United Kingdom of Great Britain and Northern Ireland",42,2,3,"control",1,1987,"Oct",12270,63
2021-05-05,1,5,5,5,2,4,2,4,5,8,3,1,1,7,"United Kingdom of Great Britain and Northern Ireland",36,2,2,"intervention",2,2014,"Mar",2622,64
2021-05-05,2,3,1,1,1,2,2,4,3,12,8,1,2,7,"United Kingdom of Great Britain and Northern Ireland",8,1,4,"control",1,2010,"Aug",3930,65
2021-05-05,2,1,1,1,1,3,2,2,2,3,6,1,2,4,"United Kingdom of Great Britain and Northern Ireland",9,1,5,"control",1,2019,"Jun",704,66
2021-05-05,2,2,1,1,1,1,1,5,5,5,6,1,2,1,"Ireland",26,1,4,"control",1,2017,"Jun",1434,67
2021-05-05,2,5,4,4,4,4,4,2,4,7,4,1,2,4,"United Kingdom of Great Britain and Northern Ireland",19,1,4,"intervention",2,2015,"Apr",2226,68
2021-05-05,1,3,4,4,3,2,2,1,2,5,7,1,1,7,"United Kingdom of Great Britain and Northern Ireland",18,2,5,"intervention",2,2017,"Jul",1404,69
2021-05-05,1,2,1,1,1,1,1,4,5,23,8,1,1,2,"United Kingdom of Great Britain and Northern Ireland",36,1,3,"control",1,1999,"Aug",7948,70
2021-05-05,1,1,1,1,1,1,1,4,4,7,4,1,1,7,"United Kingdom of Great Britain and Northern Ireland",38,2,2,"control",1,2015,"Apr",2226,71
2021-05-05,2,4,5,5,2,4,2,4,4,2,5,1,1,7,"United Kingdom of Great Britain and Northern Ireland",1,2,2,"intervention",2,2020,"May",369,72
2021-05-05,1,5,1,1,1,1,1,1,1,7,10,1,1,1,"United Kingdom of Great Britain and Northern Ireland",18,2,4,"control",1,2015,"Oct",2043,73
2021-05-05,1,5,4,5,2,4,4,2,4,11,10,1,2,4,"United Kingdom of Great Britain and Northern Ireland",41,2,4,"intervention",2,2011,"Oct",3504,74
2021-05-05,2,2,1,1,2,2,2,4,4,8,1,1,2,4,"United Kingdom of Great Britain and Northern Ireland",20,1,2,"control",1,2014,"Jan",2681,75
2021-05-05,1,3,1,1,1,1,1,1,5,5,12,1,1,7,"United Kingdom of Great Britain and Northern Ireland",28,2,4,"control",1,2017,"Dec",1251,76
2021-05-05,2,5,5,5,4,2,4,3,3,9,7,1,1,3,"United Kingdom of Great Britain and Northern Ireland",44,2,5,"intervention",2,2013,"Jul",2865,77
2021-05-05,2,3,5,5,1,3,2,1,1,20,10,1,1,2,"United Kingdom of Great Britain and Northern Ireland",22,2,4,"intervention",2,2002,"Oct",6791,78
2021-05-05,1,2,1,1,1,1,1,3,2,2,11,1,2,7,"United Kingdom of Great Britain and Northern Ireland",12,1,3,"control",1,2020,"Nov",185,79
2021-05-05,2,2,1,1,1,1,2,1,1,7,5,1,2,5,"Canada",17,1,5,"control",1,2015,"May",2196,80
2021-05-05,2,5,4,5,2,2,2,5,2,1,4,1,1,4,"United Kingdom of Great Britain and Northern Ireland",12,2,4,"intervention",2,2021,"Apr",34,81
2021-05-05,2,1,1,1,1,1,1,4,3,2,4,1,1,5,"United Kingdom of Great Britain and Northern Ireland",6,1,4,"control",1,2020,"Apr",399,82
2021-05-05,1,2,1,1,1,1,1,4,5,2,7,1,1,7,"United Kingdom of Great Britain and Northern Ireland",14,2,4,"control",1,2020,"Jul",308,83
2021-05-05,2,5,5,5,4,4,5,2,4,7,5,1,1,7,"United Kingdom of Great Britain and Northern Ireland",17,2,4,"intervention",2,2015,"May",2196,84
2021-05-05,1,5,4,4,5,3,3,2,3,3,3,1,1,4,"United Kingdom of Great Britain and Northern Ireland",19,1,4,"intervention",2,2019,"Mar",796,85
2021-05-05,1,2,2,2,2,1,1,3,2,2,7,1,1,3,"United Kingdom of Great Britain and Northern Ireland",7,2,4,"control",1,2020,"Jul",308,86
2021-05-05,2,4,1,1,1,1,2,4,4,3,1,1,1,7,"United Kingdom of Great Britain and Northern Ireland",9,1,4,"control",1,2019,"Jan",855,87
2021-05-05,1,1,1,1,1,1,1,3,1,8,11,1,1,7,"United Kingdom of Great Britain and Northern Ireland",47,2,5,"control",1,2014,"Nov",2377,88
2021-05-05,1,5,5,5,4,4,3,3,1,12,4,1,2,4,"United Kingdom of Great Britain and Northern Ireland",30,2,2,"intervention",2,2010,"Apr",4052,89
2021-05-05,2,2,1,1,1,1,2,4,4,3,10,1,1,4,"United Kingdom of Great Britain and Northern Ireland",2,2,2,"control",1,2019,"Oct",582,90
2021-05-05,2,2,5,5,5,4,5,1,1,3,8,1,1,2,"United Kingdom of Great Britain and Northern Ireland",16,2,4,"intervention",2,2019,"Aug",643,91
2021-05-05,1,5,5,5,3,3,3,2,2,16,4,1,1,3,"United Kingdom of Great Britain and Northern Ireland",33,2,4,"intervention",2,2006,"Apr",5513,92
2021-05-05,2,4,1,1,1,1,1,2,1,3,1,1,1,1,"United Kingdom of Great Britain and Northern Ireland",5,2,4,"control",1,2019,"Jan",855,93
2021-05-05,2,5,5,5,5,4,3,2,4,7,4,1,1,3,"United Kingdom of Great Britain and Northern Ireland",13,2,4,"intervention",2,2015,"Apr",2226,94
2021-05-05,1,2,1,1,1,1,1,5,4,7,9,1,1,1,"Estonia",21,1,3,"control",1,2015,"Sep",2073,95
2021-05-05,1,5,5,5,5,5,4,4,5,4,1,1,1,7,"United Kingdom of Great Britain and Northern Ireland",6,2,3,"intervention",2,2018,"Jan",1220,96
2021-05-05,1,1,1,1,2,1,1,4,4,8,6,1,1,1,"United Kingdom of Great Britain and Northern Ireland",22,1,5,"control",1,2014,"Jun",2530,97
2021-05-05,1,3,1,1,3,1,1,4,5,9,4,1,1,4,"United Kingdom of Great Britain and Northern Ireland",40,2,3,"control",1,2013,"Apr",2956,98
2021-05-05,1,5,5,5,5,5,5,3,4,3,7,1,1,1,"United Kingdom of Great Britain and Northern Ireland",7,1,3,"intervention",2,2019,"Jul",674,99
2021-05-05,1,1,1,1,1,1,1,4,5,6,6,1,2,4,"United Kingdom of Great Britain and Northern Ireland",23,2,4,"control",1,2016,"Jun",1799,100
2021-05-05,1,4,4,5,1,2,1,2,4,14,2,1,1,1,"United Kingdom of Great Britain and Northern Ireland",16,1,4,"intervention",2,2008,"Feb",4842,101
2021-05-05,1,2,1,1,1,1,1,2,4,11,5,1,1,7,"United Kingdom of Great Britain and Northern Ireland",39,1,2,"control",1,2011,"May",3657,103
2021-05-05,1,4,4,5,3,2,2,2,3,2,1,1,1,4,"United Kingdom of Great Britain and Northern Ireland",5,2,4,"intervention",2,2020,"Jan",490,104
2021-05-05,1,5,5,5,4,4,4,2,4,11,4,1,2,7,"United Kingdom of Great Britain and Northern Ireland",16,1,4,"intervention",2,2011,"Apr",3687,105
2021-05-05,1,2,1,1,1,2,2,2,3,5,5,1,1,4,"United Kingdom of Great Britain and Northern Ireland",23,2,3,"control",1,2017,"May",1465,106
2021-05-05,1,2,1,1,1,1,1,2,4,7,2,1,1,3,"United Kingdom of Great Britain and Northern Ireland",33,2,4,"control",1,2015,"Feb",2285,107
2021-05-05,2,3,1,2,1,1,1,2,5,8,6,1,1,7,"United Kingdom of Great Britain and Northern Ireland",16,2,5,"control",1,2014,"Jun",2530,108
2021-05-05,1,5,5,5,2,2,1,5,5,2,3,1,1,3,"United Kingdom of Great Britain and Northern Ireland",40,2,4,"intervention",2,2020,"Mar",430,109
2021-05-05,2,1,1,1,1,1,1,2,2,9,5,1,1,1,"United Kingdom of Great Britain and Northern Ireland",11,2,2,"control",1,2013,"May",2926,111
2021-05-05,2,1,1,1,1,4,4,4,5,3,7,1,2,3,"United Kingdom of Great Britain and Northern Ireland",16,1,4,"control",1,2019,"Jul",674,112
2021-05-05,1,3,4,4,2,2,2,1,2,25,6,1,2,6,"United Kingdom of Great Britain and Northern Ireland",32,2,2,"intervention",2,1997,"Jun",8739,113
2021-05-05,1,5,5,5,4,4,4,1,2,14,6,1,1,3,"United Kingdom of Great Britain and Northern Ireland",27,2,4,"intervention",2,2008,"Jun",4721,114
2021-05-05,2,1,1,1,1,1,1,4,4,9,9,1,1,3,"United Kingdom of Great Britain and Northern Ireland",20,2,4,"control",1,2013,"Sep",2803,115
2021-05-05,2,4,5,5,1,1,1,2,2,5,9,1,2,4,"United Kingdom of Great Britain and Northern Ireland",19,2,3,"intervention",2,2017,"Sep",1342,116
2021-05-05,2,5,5,5,4,4,3,1,2,1,1,1,1,4,"United Kingdom of Great Britain and Northern Ireland",15,2,4,"intervention",2,2021,"Jan",124,117
2021-05-05,1,4,4,5,4,4,2,2,4,5,5,1,1,7,"United Kingdom of Great Britain and Northern Ireland",13,2,2,"intervention",2,2017,"May",1465,118
2021-05-05,1,3,2,2,2,3,3,5,5,18,8,1,1,1,"United Kingdom of Great Britain and Northern Ireland",28,2,4,"control",1,2004,"Aug",6121,119
2021-05-05,1,1,1,1,1,1,1,1,1,1,2,1,1,5,"United Kingdom of Great Britain and Northern Ireland",40,1,2,"control",1,2021,"Feb",93,120
2021-05-05,2,3,1,1,1,1,1,4,4,6,2,1,2,4,"United Kingdom of Great Britain and Northern Ireland",26,2,4,"control",1,2016,"Feb",1920,121
2021-05-05,1,4,5,5,4,3,3,2,4,42,7,1,1,6,"United Kingdom of Great Britain and Northern Ireland",42,1,3,"intervention",2,1980,"Jul",14918,122
2021-05-05,1,5,5,5,5,5,5,4,5,13,4,1,2,7,"United Kingdom of Great Britain and Northern Ireland",20,2,4,"intervention",2,2009,"Apr",4417,123
2021-05-05,2,5,5,5,4,4,4,1,5,12,10,1,1,3,"United Kingdom of Great Britain and Northern Ireland",16,1,4,"intervention",2,2010,"Oct",3869,124
2021-05-05,1,3,1,1,1,2,1,4,5,2,1,1,2,7,"United Kingdom of Great Britain and Northern Ireland",24,2,3,"control",1,2020,"Jan",490,125
2021-05-05,1,5,5,5,4,3,2,1,1,22,4,1,2,1,"United Kingdom of Great Britain and Northern Ireland",26,2,4,"intervention",2,2000,"Apr",7704,126
2021-05-05,2,2,1,1,1,1,1,2,2,4,1,1,1,7,"United Kingdom of Great Britain and Northern Ireland",16,2,4,"control",1,2018,"Jan",1220,127
2021-05-05,2,5,5,5,4,2,2,4,4,2,8,1,2,3,"United Kingdom of Great Britain and Northern Ireland",9,2,4,"intervention",2,2020,"Aug",277,128
2021-05-05,1,1,1,1,1,1,1,1,1,5,7,1,1,7,"United Kingdom of Great Britain and Northern Ireland",25,2,3,"control",1,2017,"Jul",1404,129
2021-05-05,1,3,1,1,1,1,1,2,4,31,4,1,1,5,"United Kingdom of Great Britain and Northern Ireland",13,1,4,"control",1,1991,"Apr",10992,130
2021-05-05,1,4,5,5,4,4,4,4,4,5,8,1,2,7,"United Kingdom of Great Britain and Northern Ireland",14,2,5,"intervention",2,2017,"Aug",1373,131
2021-05-05,1,3,3,4,2,3,2,2,2,2,4,1,1,7,"United Kingdom of Great Britain and Northern Ireland",4,2,4,"control",1,2020,"Apr",399,132
2021-05-05,1,2,1,1,1,1,2,1,4,17,6,1,1,1,"United Kingdom of Great Britain and Northern Ireland",43,1,6,"control",1,2005,"Jun",5817,133
2021-05-05,1,1,1,1,1,1,1,1,4,32,1,1,1,3,"United Kingdom of Great Britain and Northern Ireland",44,2,3,"control",1,1990,"Jan",11447,134
2021-05-05,2,5,4,4,4,3,2,4,3,10,4,1,1,7,"United Kingdom of Great Britain and Northern Ireland",23,1,4,"intervention",2,2012,"Apr",3321,135
2021-05-05,1,2,1,1,1,1,1,2,4,27,6,1,1,7,"United Kingdom of Great Britain and Northern Ireland",46,1,3,"control",1,1995,"Jun",9470,136
2021-05-05,2,5,5,5,4,4,4,4,5,7,9,1,1,4,"United Kingdom of Great Britain and Northern Ireland",31,1,2,"intervention",2,2015,"Sep",2073,137
2021-05-05,1,5,4,5,4,2,4,1,4,8,1,1,1,3,"United Kingdom of Great Britain and Northern Ireland",24,2,4,"intervention",2,2014,"Jan",2681,138
2021-05-05,1,4,4,3,1,1,1,2,4,19,6,1,1,1,"United Kingdom of Great Britain and Northern Ireland",34,1,4,"intervention",2,2003,"Jun",6548,139
2021-05-05,1,3,4,5,3,4,3,3,4,27,6,1,1,7,"United Kingdom of Great Britain and Northern Ireland",35,2,2,"intervention",2,1995,"Jun",9470,140
2021-05-05,1,4,4,4,2,3,3,3,4,11,6,1,1,3,"United Kingdom of Great Britain and Northern Ireland",24,2,4,"intervention",2,2011,"Jun",3626,141
2021-05-05,1,5,4,4,2,3,2,3,5,9,8,1,1,4,"United Kingdom of Great Britain and Northern Ireland",36,1,4,"intervention",2,2013,"Aug",2834,142
2021-05-05,1,5,5,5,4,4,4,1,4,2,10,1,1,2,"United Kingdom of Great Britain and Northern Ireland",12,1,4,"intervention",2,2020,"Oct",216,143
2021-05-05,2,5,5,5,4,5,4,4,3,15,7,1,1,1,"United Kingdom of Great Britain and Northern Ireland",23,1,4,"intervention",2,2007,"Jul",5057,144
2021-05-05,1,2,1,1,1,1,1,1,1,9,9,1,1,7,"United Kingdom of Great Britain and Northern Ireland",32,2,4,"control",1,2013,"Sep",2803,145
2021-05-05,2,2,5,5,5,4,5,3,1,13,6,1,1,1,"United Kingdom of Great Britain and Northern Ireland",30,1,6,"intervention",2,2009,"Jun",4356,146
2021-05-05,1,2,1,1,4,1,4,3,5,27,4,1,1,1,"United Kingdom of Great Britain and Northern Ireland",36,2,5,"control",1,1995,"Apr",9531,147
2021-05-05,1,4,5,5,4,2,4,2,2,16,6,1,2,1,"United Kingdom of Great Britain and Northern Ireland",54,1,2,"intervention",2,2006,"Jun",5452,148
2021-05-05,2,4,4,4,4,2,2,4,5,6,5,1,1,1,"United Kingdom of Great Britain and Northern Ireland",40,2,3,"control",1,2016,"May",1830,149
2021-05-05,2,4,5,5,4,4,4,3,2,2,8,1,1,7,"United Kingdom of Great Britain and Northern Ireland",11,2,2,"intervention",2,2020,"Aug",277,150
2021-05-05,2,5,5,5,2,4,4,5,5,9,11,1,2,1,"United States of America",11,1,4,"intervention",2,2013,"Nov",2742,151
2021-05-05,2,1,1,1,1,2,2,2,2,4,4,1,2,4,"United Kingdom of Great Britain and Northern Ireland",21,2,4,"control",1,2018,"Apr",1130,152
2021-05-05,1,4,1,1,1,1,1,2,2,4,3,1,1,3,"United Kingdom of Great Britain and Northern Ireland",41,2,2,"control",1,2018,"Mar",1161,153
2021-05-05,1,5,5,5,4,3,3,1,1,2,4,1,1,7,"United Kingdom of Great Britain and Northern Ireland",10,2,2,"intervention",2,2020,"Apr",399,154
2021-05-05,1,3,1,1,1,2,2,5,5,9,7,1,2,1,"United Kingdom of Great Britain and Northern Ireland",22,2,2,"control",1,2013,"Jul",2865,155
2021-05-05,2,4,5,5,4,4,5,2,1,3,10,1,1,3,"United Kingdom of Great Britain and Northern Ireland",6,1,4,"intervention",2,2019,"Oct",582,156
2021-05-05,1,5,1,2,1,1,2,4,4,3,5,1,1,7,"United Kingdom of Great Britain and Northern Ireland",21,2,4,"control",1,2019,"May",735,157
2021-05-05,2,4,5,5,5,4,4,4,5,14,4,1,1,2,"United Kingdom of Great Britain and Northern Ireland",44,1,4,"intervention",2,2008,"Apr",4782,158
2021-05-05,1,2,1,1,1,1,2,4,4,4,10,1,1,4,"United Kingdom of Great Britain and Northern Ireland",45,1,4,"control",1,2018,"Oct",947,159
2021-05-05,1,4,1,1,1,1,1,3,3,12,9,1,1,7,"United Kingdom of Great Britain and Northern Ireland",17,2,4,"control",1,2010,"Sep",3899,160
2021-05-05,1,5,5,5,1,1,1,3,4,3,4,1,1,1,"United Kingdom of Great Britain and Northern Ireland",39,1,4,"intervention",2,2019,"Apr",765,161
2021-05-05,1,5,5,5,4,4,4,3,4,16,11,1,1,7,"United Kingdom of Great Britain and Northern Ireland",45,2,4,"intervention",2,2006,"Nov",5299,162
2021-05-05,2,1,1,1,1,1,1,2,4,4,8,1,1,4,"United Kingdom of Great Britain and Northern Ireland",6,1,3,"control",1,2018,"Aug",1008,163
2021-05-05,1,5,5,5,1,1,1,4,2,12,4,1,1,2,"United Kingdom of Great Britain and Northern Ireland",29,1,4,"intervention",2,2010,"Apr",4052,164
2021-05-05,1,5,5,5,4,4,3,2,4,6,10,1,1,3,"Spain",16,1,4,"intervention",2,2016,"Oct",1677,165
2021-05-05,2,5,5,5,5,5,4,1,2,3,11,1,1,2,"United Kingdom of Great Britain and Northern Ireland",5,1,6,"intervention",2,2019,"Nov",551,166
2021-05-05,2,4,2,2,2,2,2,4,5,6,10,1,1,7,"United Kingdom of Great Britain and Northern Ireland",24,1,2,"control",1,2016,"Oct",1677,167
2021-05-05,1,4,5,5,2,3,2,4,5,8,2,1,1,3,"United Kingdom of Great Britain and Northern Ireland",31,2,4,"intervention",2,2014,"Feb",2650,168
2021-05-05,2,3,1,2,2,2,1,2,4,7,2,1,2,1,"United Kingdom of Great Britain and Northern Ireland",10,1,4,"control",1,2015,"Feb",2285,169
2021-05-05,2,4,4,5,2,5,4,1,4,4,12,1,1,7,"United Kingdom of Great Britain and Northern Ireland",7,2,4,"intervention",2,2018,"Dec",886,170
2021-05-05,2,5,5,5,4,4,4,4,5,2,1,1,1,4,"United Kingdom of Great Britain and Northern Ireland",9,2,2,"intervention",2,2020,"Jan",490,171
2021-05-05,1,2,1,1,1,1,1,1,1,7,6,1,1,4,"United Kingdom of Great Britain and Northern Ireland",13,2,2,"control",1,2015,"Jun",2165,172
2021-05-05,2,4,4,4,2,3,2,2,2,3,5,1,2,1,"United Kingdom of Great Britain and Northern Ireland",30,1,4,"intervention",2,2019,"May",735,173
2021-05-05,2,5,5,5,4,4,3,3,5,2,11,1,1,7,"United Kingdom of Great Britain and Northern Ireland",8,2,5,"intervention",2,2020,"Nov",185,174
2021-05-05,1,2,1,1,1,2,2,4,5,22,6,1,1,2,"United Kingdom of Great Britain and Northern Ireland",43,1,5,"control",1,2000,"Jun",7643,175
2021-05-05,1,5,4,5,4,5,5,4,4,10,12,1,2,2,"United Kingdom of Great Britain and Northern Ireland",30,2,4,"intervention",2,2012,"Dec",3077,176
2021-05-05,1,1,2,1,1,4,1,2,3,5,3,1,1,7,"United Kingdom of Great Britain and Northern Ireland",24,2,3,"control",1,2017,"Mar",1526,177
2021-05-05,2,2,1,1,1,2,2,4,5,8,5,1,1,6,"United Kingdom of Great Britain and Northern Ireland",16,1,3,"control",1,2014,"May",2561,178
2021-05-05,2,4,3,4,3,2,2,1,1,8,5,1,1,1,"United Kingdom of Great Britain and Northern Ireland",9,1,4,"intervention",2,2014,"May",2561,179
2021-05-05,1,4,5,5,5,5,4,3,4,4,2,1,1,4,"United Kingdom of Great Britain and Northern Ireland",16,2,4,"intervention",2,2018,"Feb",1189,180
2021-05-05,1,1,1,1,1,2,2,4,4,21,9,1,1,6,"United Kingdom of Great Britain and Northern Ireland",41,1,3,"control",1,2001,"Sep",7186,182
2021-05-05,1,1,1,1,2,2,1,4,4,17,6,1,1,4,"United Kingdom of Great Britain and Northern Ireland",22,2,4,"control",1,2005,"Jun",5817,183
2021-05-05,1,1,1,1,1,1,1,1,2,4,4,1,1,7,"United Kingdom of Great Britain and Northern Ireland",41,1,2,"control",1,2018,"Apr",1130,184
2021-05-05,2,5,5,5,2,3,3,1,1,8,1,1,1,3,"United Kingdom of Great Britain and Northern Ireland",7,2,4,"intervention",2,2014,"Jan",2681,185
2021-05-05,1,3,1,1,2,2,2,4,4,37,5,1,2,6,"United Kingdom of Great Britain and Northern Ireland",41,2,4,"control",1,1985,"May",13153,186
2021-05-05,1,3,1,1,1,1,1,1,1,8,9,1,2,1,"United Kingdom of Great Britain and Northern Ireland",18,2,4,"control",1,2014,"Sep",2438,187
2021-05-05,1,4,1,1,1,1,3,2,3,18,7,1,2,3,"United Kingdom of Great Britain and Northern Ireland",23,2,4,"control",1,2004,"Jul",6152,190
2021-05-05,1,2,1,1,1,2,3,4,2,10,10,1,2,5,"United Kingdom of Great Britain and Northern Ireland",29,1,4,"control",1,2012,"Oct",3138,191
2021-05-05,1,5,5,5,4,4,3,4,5,14,9,1,1,6,"United Kingdom of Great Britain and Northern Ireland",22,2,4,"intervention",2,2008,"Sep",4629,192
2021-05-05,1,3,1,1,1,1,1,5,5,12,6,1,1,7,"United Kingdom of Great Britain and Northern Ireland",15,1,3,"control",1,2010,"Jun",3991,193
2021-05-05,2,2,1,1,1,1,1,4,4,6,4,1,1,4,"United Kingdom of Great Britain and Northern Ireland",12,2,4,"control",1,2016,"Apr",1860,195
2021-05-05,1,2,1,1,1,1,3,1,4,6,8,1,1,1,"United Kingdom of Great Britain and Northern Ireland",21,2,4,"control",1,2016,"Aug",1738,196
2021-05-05,1,4,1,1,1,1,1,1,1,9,5,1,1,2,"United Kingdom of Great Britain and Northern Ireland",24,2,3,"control",1,2013,"May",2926,198
2021-05-05,2,3,1,1,1,1,1,4,4,2,11,1,1,7,"United Kingdom of Great Britain and Northern Ireland",4,1,4,"control",1,2020,"Nov",185,199
2021-05-05,1,2,4,4,2,2,2,2,2,10,10,1,1,1,"United Kingdom of Great Britain and Northern Ireland",33,1,4,"intervention",2,2012,"Oct",3138,200
2021-05-05,1,5,5,5,5,4,5,4,5,4,1,1,1,3,"United Kingdom of Great Britain and Northern Ireland",21,1,4,"intervention",2,2018,"Jan",1220,201
2021-05-05,1,2,1,1,1,1,1,3,4,3,5,1,1,7,"United Kingdom of Great Britain and Northern Ireland",28,2,4,"control",1,2019,"May",735,202
2021-05-05,1,3,2,2,1,1,1,1,2,26,7,1,1,1,"United Kingdom of Great Britain and Northern Ireland",7,1,3,"control",1,1996,"Jul",9074,203
2021-05-05,2,4,2,1,1,1,1,4,4,4,1,1,1,4,"United Kingdom of Great Britain and Northern Ireland",28,2,4,"control",1,2018,"Jan",1220,204
2021-05-05,2,2,1,2,1,1,1,2,5,8,11,1,1,7,"United Kingdom of Great Britain and Northern Ireland",17,1,4,"control",1,2014,"Nov",2377,205
2021-05-05,1,3,1,1,1,1,1,4,5,5,6,1,1,3,"United Kingdom of Great Britain and Northern Ireland",21,2,3,"control",1,2017,"Jun",1434,206
2021-05-05,1,4,1,1,1,1,2,2,2,3,2,1,1,7,"United Kingdom of Great Britain and Northern Ireland",43,1,3,"control",1,2019,"Feb",824,207
2021-05-05,1,3,1,2,1,2,1,3,3,2,10,1,2,4,"United Kingdom of Great Britain and Northern Ireland",6,2,6,"control",1,2020,"Oct",216,208
2021-05-05,2,4,2,2,2,1,2,4,4,2,5,1,2,7,"United Kingdom of Great Britain and Northern Ireland",11,2,4,"control",1,2020,"May",369,209
2021-05-05,1,2,1,1,1,1,1,1,1,2,1,1,1,3,"United Kingdom of Great Britain and Northern Ireland",11,2,6,"control",1,2020,"Jan",490,210
2021-05-05,1,1,3,1,1,1,1,2,2,8,5,1,1,7,"United Kingdom of Great Britain and Northern Ireland",26,2,4,"intervention",2,2014,"May",2561,211
2021-05-05,1,5,5,5,3,3,3,2,4,9,4,1,1,4,"United Kingdom of Great Britain and Northern Ireland",34,2,2,"intervention",2,2013,"Apr",2956,212
2021-05-05,2,2,1,1,1,1,1,2,5,17,11,1,1,4,"United Kingdom of Great Britain and Northern Ireland",23,1,4,"control",1,2005,"Nov",5664,213
2021-05-05,2,1,1,1,1,1,1,4,5,10,12,1,1,4,"United Kingdom of Great Britain and Northern Ireland",22,2,4,"control",1,2012,"Dec",3077,214
2021-05-05,1,2,1,1,1,1,1,4,5,13,6,1,1,2,"Australia",39,1,4,"control",1,2009,"Jun",4356,215
2021-05-05,1,3,1,1,5,2,1,3,2,10,2,1,2,4,"United Kingdom of Great Britain and Northern Ireland",40,1,2,"control",1,2012,"Feb",3381,216
2021-05-05,1,4,1,1,1,1,1,4,4,14,3,1,1,7,"United Kingdom of Great Britain and Northern Ireland",16,2,4,"control",1,2008,"Mar",4813,217
2021-05-05,1,2,1,1,1,2,1,2,2,23,4,1,2,6,"United Kingdom of Great Britain and Northern Ireland",35,2,4,"control",1,1999,"Apr",8070,218
2021-05-05,1,4,1,1,1,1,1,4,5,3,11,1,1,1,"United Kingdom of Great Britain and Northern Ireland",24,1,2,"control",1,2019,"Nov",551,219
2021-05-05,1,4,4,4,2,2,2,4,2,7,1,1,1,4,"United Kingdom of Great Britain and Northern Ireland",18,1,3,"intervention",2,2015,"Jan",2316,220
2021-05-05,1,5,5,5,5,5,5,3,3,9,8,1,1,2,"United Kingdom of Great Britain and Northern Ireland",38,1,4,"intervention",2,2013,"Aug",2834,221
2021-05-05,2,4,4,2,1,1,1,4,5,5,7,1,1,7,"United Kingdom of Great Britain and Northern Ireland",16,1,3,"control",1,2017,"Jul",1404,222
2021-05-05,2,4,5,4,4,4,5,4,5,4,5,1,1,1,"United Arab Emirates",17,1,4,"intervention",2,2018,"May",1100,223
2021-05-05,1,4,1,1,1,1,1,2,5,11,3,1,1,7,"United Kingdom of Great Britain and Northern Ireland",37,1,4,"control",1,2011,"Mar",3718,224
2021-05-05,2,4,1,1,1,1,1,4,4,5,1,1,2,1,"United Kingdom of Great Britain and Northern Ireland",37,2,4,"control",1,2017,"Jan",1585,225
2021-05-05,1,3,1,1,1,2,2,2,4,19,8,1,1,1,"United Kingdom of Great Britain and Northern Ireland",32,2,5,"control",1,2003,"Aug",6487,226
2021-05-05,2,4,4,4,2,4,2,4,5,3,3,1,1,7,"United Kingdom of Great Britain and Northern Ireland",11,2,4,"intervention",2,2019,"Mar",796,227
2021-05-05,2,4,5,5,4,3,4,3,4,7,9,1,1,1,"United Kingdom of Great Britain and Northern Ireland",34,2,5,"intervention",2,2015,"Sep",2073,228
2021-05-05,1,1,1,1,1,1,1,4,5,5,8,1,1,7,"United Kingdom of Great Britain and Northern Ireland",32,2,4,"control",1,2017,"Aug",1373,229
2021-05-05,1,4,2,2,2,1,1,3,4,2,9,1,1,3,"United Kingdom of Great Britain and Northern Ireland",24,2,4,"control",1,2020,"Sep",246,230
2021-05-05,2,5,5,5,4,3,3,4,4,3,2,1,1,4,"United States of America",10,2,6,"intervention",2,2019,"Feb",824,231
2021-05-05,1,4,5,5,4,4,4,4,4,9,7,1,1,4,"United Kingdom of Great Britain and Northern Ireland",30,2,4,"intervention",2,2013,"Jul",2865,232
2021-05-05,1,4,4,4,2,2,1,2,4,15,1,1,1,3,"United Kingdom of Great Britain and Northern Ireland",34,2,4,"intervention",2,2007,"Jan",5238,233
2021-05-05,2,5,5,5,4,4,4,4,5,7,1,1,2,3,"United Kingdom of Great Britain and Northern Ireland",19,1,5,"intervention",2,2015,"Jan",2316,234
2021-05-05,1,3,5,5,1,1,1,2,5,8,9,1,1,3,"United Kingdom of Great Britain and Northern Ireland",22,2,3,"control",1,2014,"Sep",2438,235
2021-05-05,1,3,1,1,1,1,1,4,3,8,6,1,2,4,"United Kingdom of Great Britain and Northern Ireland",14,2,4,"control",1,2014,"Jun",2530,236
2021-05-05,2,5,5,5,4,4,2,4,5,18,1,1,1,7,"United Kingdom of Great Britain and Northern Ireland",30,1,4,"intervention",2,2004,"Jan",6334,237
2021-05-05,1,3,1,1,1,2,1,4,4,10,9,1,1,4,"United Kingdom of Great Britain and Northern Ireland",16,2,1,"control",1,2012,"Sep",3168,238
2021-05-05,1,2,1,2,2,2,2,2,3,7,3,1,1,4,"United Kingdom of Great Britain and Northern Ireland",15,1,4,"control",1,2015,"Mar",2257,239
2021-05-05,2,2,1,2,1,2,3,5,5,7,7,1,1,7,"United Kingdom of Great Britain and Northern Ireland",12,2,4,"control",1,2015,"Jul",2135,240
2021-05-05,1,3,3,3,3,2,2,4,4,11,1,1,1,4,"United Kingdom of Great Britain and Northern Ireland",25,2,5,"control",1,2011,"Jan",3777,241
2021-05-05,1,4,5,5,4,4,4,1,4,8,2,1,1,1,"United Kingdom of Great Britain and Northern Ireland",24,1,3,"intervention",2,2014,"Feb",2650,242
2021-05-05,1,2,1,1,1,1,3,4,5,11,10,1,1,2,"United Kingdom of Great Britain and Northern Ireland",31,2,2,"control",1,2011,"Oct",3504,243
2021-05-05,1,4,5,5,4,4,3,2,1,5,10,1,1,7,"United Kingdom of Great Britain and Northern Ireland",27,2,5,"intervention",2,2017,"Oct",1312,244
2021-05-05,1,4,5,5,3,3,3,4,3,3,7,1,1,7,"United Kingdom of Great Britain and Northern Ireland",32,2,4,"intervention",2,2019,"Jul",674,245
2021-05-05,2,5,5,5,4,3,3,4,2,2,5,1,1,4,"United Kingdom of Great Britain and Northern Ireland",17,2,4,"intervention",2,2020,"May",369,246
2021-05-05,2,2,1,1,1,1,3,4,4,3,4,1,1,6,"United Kingdom of Great Britain and Northern Ireland",31,2,4,"control",1,2019,"Apr",765,248
2021-05-05,2,4,1,1,1,2,3,4,4,4,3,1,1,7,"United Kingdom of Great Britain and Northern Ireland",42,2,3,"control",1,2018,"Mar",1161,249
2021-05-05,2,4,2,2,1,1,2,1,4,5,3,1,1,3,"United Kingdom of Great Britain and Northern Ireland",22,2,4,"control",1,2017,"Mar",1526,250
2021-05-05,2,2,2,2,2,2,2,2,4,15,9,1,1,3,"United Kingdom of Great Britain and Northern Ireland",31,2,4,"control",1,2007,"Sep",4995,251
2021-05-05,1,2,1,1,1,2,1,4,5,4,8,1,2,7,"United Kingdom of Great Britain and Northern Ireland",12,2,4,"control",1,2018,"Aug",1008,252
2021-05-05,1,3,1,1,1,1,1,2,4,2,1,1,1,7,"United Kingdom of Great Britain and Northern Ireland",15,1,2,"control",1,2020,"Jan",490,253
2021-05-05,1,4,5,5,2,2,2,2,2,3,10,1,2,2,"United Kingdom of Great Britain and Northern Ireland",32,1,4,"intervention",2,2019,"Oct",582,254
2021-05-05,1,4,2,2,3,4,4,3,2,10,3,1,1,2,"United Kingdom of Great Britain and Northern Ireland",23,2,4,"control",1,2012,"Mar",3352,255
2021-05-05,2,3,1,1,1,1,1,3,4,8,10,1,1,3,"United Kingdom of Great Britain and Northern Ireland",36,2,6,"control",1,2014,"Oct",2408,256
2021-05-05,1,2,1,1,2,1,3,1,2,5,10,1,2,4,"United Kingdom of Great Britain and Northern Ireland",14,1,3,"control",1,2017,"Oct",1312,257
2021-05-05,2,5,5,5,4,4,4,2,4,29,11,1,1,7,"United Kingdom of Great Britain and Northern Ireland",41,2,4,"intervention",2,1993,"Nov",10047,258
2021-05-05,1,2,1,1,1,2,1,4,4,11,12,1,1,3,"France",46,2,5,"control",1,2011,"Dec",3443,259
2021-05-05,2,4,4,5,2,4,2,3,4,3,8,1,1,2,"United Kingdom of Great Britain and Northern Ireland",2,1,4,"intervention",2,2019,"Aug",643,261
2021-05-05,1,2,4,5,4,3,3,2,4,4,4,1,1,4,"United Kingdom of Great Britain and Northern Ireland",13,2,2,"intervention",2,2018,"Apr",1130,262
2021-05-05,1,5,1,1,1,1,1,2,3,4,3,1,1,3,"United Kingdom of Great Britain and Northern Ireland",17,1,4,"control",1,2018,"Mar",1161,263
2021-05-05,1,5,5,5,3,3,3,2,3,6,3,1,1,3,"United Kingdom of Great Britain and Northern Ireland",39,2,4,"intervention",2,2016,"Mar",1891,264
2021-05-05,2,4,5,5,3,4,2,4,5,13,1,1,1,3,"United Kingdom of Great Britain and Northern Ireland",44,2,5,"intervention",2,2009,"Jan",4507,265
2021-05-05,1,4,1,1,2,4,5,1,1,7,8,1,1,2,"United Kingdom of Great Britain and Northern Ireland",45,2,2,"control",1,2015,"Aug",2104,266
2021-05-05,1,5,5,5,1,4,1,1,1,30,7,1,2,2,"United Kingdom of Great Britain and Northern Ireland",55,1,2,"intervention",2,1992,"Jul",10535,267
2021-05-05,2,4,2,2,2,2,2,5,5,16,3,1,1,3,"United Kingdom of Great Britain and Northern Ireland",19,1,4,"control",1,2006,"Mar",5544,268
2021-05-05,2,5,5,5,5,4,4,5,5,3,11,1,1,1,"United Kingdom of Great Britain and Northern Ireland",4,1,4,"intervention",2,2019,"Nov",551,269
2021-05-05,2,4,5,5,4,4,3,3,4,4,1,1,2,7,"United Kingdom of Great Britain and Northern Ireland",20,1,4,"intervention",2,2018,"Jan",1220,270
2021-05-05,1,4,5,4,4,4,3,4,5,12,7,1,1,1,"United Kingdom of Great Britain and Northern Ireland",23,1,2,"intervention",2,2010,"Jul",3961,271
2021-05-05,1,4,1,1,1,1,2,4,3,1,2,1,1,4,"United Kingdom of Great Britain and Northern Ireland",19,2,4,"control",1,2021,"Feb",93,272
2021-05-05,2,5,4,5,2,2,2,1,1,3,6,1,1,3,"United Kingdom of Great Britain and Northern Ireland",22,2,6,"intervention",2,2019,"Jun",704,273
2021-05-05,1,4,1,1,1,1,1,2,4,6,4,1,2,7,"United Kingdom of Great Britain and Northern Ireland",37,2,4,"control",1,2016,"Apr",1860,274
2021-05-05,1,2,1,1,1,1,1,4,5,13,9,1,1,6,"United Kingdom of Great Britain and Northern Ireland",30,1,3,"control",1,2009,"Sep",4264,275
2021-05-05,1,3,4,5,1,2,2,2,3,2,10,1,1,4,"United Kingdom of Great Britain and Northern Ireland",1,2,2,"intervention",2,2020,"Oct",216,276
2021-05-05,2,1,1,1,1,1,1,4,5,12,4,1,1,4,"United Kingdom of Great Britain and Northern Ireland",29,1,2,"control",1,2010,"Apr",4052,277
2021-05-05,1,1,1,1,1,1,4,5,5,16,10,1,1,4,"United Kingdom of Great Britain and Northern Ireland",26,2,2,"control",1,2006,"Oct",5330,278
2021-05-05,2,2,1,2,1,1,2,4,5,3,3,1,1,7,"United Kingdom of Great Britain and Northern Ireland",6,1,3,"control",1,2019,"Mar",796,279
2021-05-05,2,5,5,5,1,3,1,1,2,4,6,1,1,3,"United Kingdom of Great Britain and Northern Ireland",19,2,4,"intervention",2,2018,"Jun",1069,280
2021-05-05,2,4,5,5,4,4,2,2,4,4,5,1,2,4,"United Kingdom of Great Britain and Northern Ireland",22,2,4,"intervention",2,2018,"May",1100,281
2021-05-05,1,2,2,1,1,1,1,4,4,6,2,1,1,5,"United Kingdom of Great Britain and Northern Ireland",34,1,3,"control",1,2016,"Feb",1920,282
2021-05-05,2,4,4,5,1,1,1,2,1,2,10,1,1,1,"United Kingdom of Great Britain and Northern Ireland",1,1,2,"intervention",2,2020,"Oct",216,283
2021-05-05,2,4,1,2,2,2,1,2,2,3,10,1,1,5,"United Kingdom of Great Britain and Northern Ireland",11,1,4,"control",1,2019,"Oct",582,284
2021-05-05,1,5,5,5,2,4,2,4,4,22,6,1,1,7,"United Kingdom of Great Britain and Northern Ireland",33,2,4,"intervention",2,2000,"Jun",7643,285
2021-05-05,1,5,5,5,3,3,2,1,1,31,4,1,1,6,"United Kingdom of Great Britain and Northern Ireland",35,1,3,"intervention",2,1991,"Apr",10992,286
2021-05-05,2,4,4,5,4,4,5,4,4,4,12,1,1,3,"United Kingdom of Great Britain and Northern Ireland",12,1,4,"intervention",2,2018,"Dec",886,288
2021-05-05,1,2,1,1,1,1,3,1,4,27,10,1,2,2,"United Kingdom of Great Britain and Northern Ireland",44,1,5,"control",1,1995,"Oct",9348,289
2021-05-05,1,4,1,1,1,2,1,1,1,5,9,1,1,3,"United Kingdom of Great Britain and Northern Ireland",46,1,4,"control",1,2017,"Sep",1342,290
2021-05-05,1,2,1,1,1,2,3,4,5,9,4,1,1,7,"United Kingdom of Great Britain and Northern Ireland",47,2,3,"control",1,2013,"Apr",2956,291
2021-05-05,2,2,1,1,1,1,1,2,2,26,4,1,1,3,"United Kingdom of Great Britain and Northern Ireland",34,1,3,"control",1,1996,"Apr",9165,292
2021-05-05,1,4,1,1,2,1,2,2,4,30,12,1,2,7,"United Kingdom of Great Britain and Northern Ireland",31,2,3,"control",1,1992,"Dec",10382,293
2021-05-05,2,3,1,1,1,2,1,3,5,3,12,1,1,2,"United Kingdom of Great Britain and Northern Ireland",20,2,4,"control",1,2019,"Dec",521,294
2021-05-05,1,2,1,1,2,2,2,4,4,4,9,1,1,7,"United Kingdom of Great Britain and Northern Ireland",31,2,2,"control",1,2018,"Sep",977,295
2021-05-05,1,4,4,5,3,2,2,2,4,19,9,1,1,1,"United Kingdom of Great Britain and Northern Ireland",31,2,4,"intervention",2,2003,"Sep",6456,296
2021-05-05,2,2,1,1,1,2,2,4,4,8,6,1,1,7,"United Kingdom of Great Britain and Northern Ireland",10,2,4,"control",1,2014,"Jun",2530,297
2021-05-05,1,3,1,1,1,1,1,5,3,13,8,1,1,1,"United Kingdom of Great Britain and Northern Ireland",21,2,3,"control",1,2009,"Aug",4295,298
2021-05-05,2,5,5,5,4,2,1,4,4,4,10,1,1,1,"United Kingdom of Great Britain and Northern Ireland",39,2,4,"intervention",2,2018,"Oct",947,300
2021-05-05,1,2,2,2,2,3,2,3,2,3,3,1,1,1,"United Kingdom of Great Britain and Northern Ireland",36,1,2,"control",1,2019,"Mar",796,301
2021-05-05,1,5,4,5,3,4,4,1,1,3,1,1,1,1,"United Kingdom of Great Britain and Northern Ireland",2,1,3,"intervention",2,2019,"Jan",855,302
2021-05-05,1,4,1,2,1,2,3,2,2,4,10,1,1,3,"United Kingdom of Great Britain and Northern Ireland",37,2,5,"control",1,2018,"Oct",947,303
2021-05-05,1,2,1,1,1,2,2,4,5,4,4,1,1,4,"United Kingdom of Great Britain and Northern Ireland",18,1,4,"control",1,2018,"Apr",1130,304
2021-05-05,1,2,1,1,1,1,1,1,1,23,8,1,1,1,"United Kingdom of Great Britain and Northern Ireland",40,1,2,"control",1,1999,"Aug",7948,305
2021-05-05,1,5,5,5,2,4,4,1,5,16,2,1,1,1,"United Kingdom of Great Britain and Northern Ireland",57,2,3,"intervention",2,2006,"Feb",5572,307
2021-05-05,1,4,4,4,2,2,2,3,5,6,2,1,1,2,"United Kingdom of Great Britain and Northern Ireland",5,1,4,"intervention",2,2016,"Feb",1920,308
2021-05-05,2,5,5,5,5,5,5,4,5,2,8,1,1,7,"United Kingdom of Great Britain and Northern Ireland",22,2,2,"intervention",2,2020,"Aug",277,309
2021-05-05,2,4,4,4,4,4,3,2,5,2,2,1,1,1,"United Kingdom of Great Britain and Northern Ireland",25,2,4,"intervention",2,2020,"Feb",459,310
2021-05-05,2,1,1,1,1,1,1,4,5,8,11,1,1,5,"United Kingdom of Great Britain and Northern Ireland",31,1,4,"control",1,2014,"Nov",2377,311
2021-05-05,1,5,5,5,4,4,3,2,4,22,9,1,1,2,"Spain",31,2,5,"intervention",2,2000,"Sep",7551,312
2021-05-05,2,5,5,5,3,4,4,2,1,7,10,1,1,3,"United Kingdom of Great Britain and Northern Ireland",38,2,4,"intervention",2,2015,"Oct",2043,313
2021-05-05,1,3,3,2,3,4,2,3,2,5,1,1,1,1,"United Kingdom of Great Britain and Northern Ireland",22,1,4,"control",1,2017,"Jan",1585,314
2021-05-05,1,5,5,5,3,4,3,2,4,21,2,1,1,4,"United Kingdom of Great Britain and Northern Ireland",34,2,4,"intervention",2,2001,"Feb",7398,315
2021-05-05,2,3,2,2,2,2,2,2,4,3,9,1,2,4,"United Kingdom of Great Britain and Northern Ireland",12,2,2,"control",1,2019,"Sep",612,316
2021-05-05,1,4,4,5,4,4,5,1,1,15,9,1,1,1,"United Kingdom of Great Britain and Northern Ireland",38,1,2,"intervention",2,2007,"Sep",4995,317
2021-05-05,1,4,4,5,2,3,3,4,5,20,12,1,1,3,"United Kingdom of Great Britain and Northern Ireland",29,2,4,"intervention",2,2002,"Dec",6730,318
2021-05-05,1,5,5,5,5,5,5,1,3,9,12,1,2,7,"United Kingdom of Great Britain and Northern Ireland",23,1,4,"intervention",2,2013,"Dec",2712,319
2021-05-05,2,2,1,1,2,1,1,3,4,5,2,1,1,3,"United Kingdom of Great Britain and Northern Ireland",27,2,4,"control",1,2017,"Feb",1554,320
2021-05-05,2,5,5,5,3,3,3,1,1,8,3,1,1,2,"United Kingdom of Great Britain and Northern Ireland",31,1,4,"intervention",2,2014,"Mar",2622,322
2021-05-05,1,3,1,1,1,1,1,4,4,8,11,1,1,7,"United Kingdom of Great Britain and Northern Ireland",12,2,2,"control",1,2014,"Nov",2377,323
2021-05-05,1,4,1,1,1,1,2,1,1,3,10,1,1,2,"United Kingdom of Great Britain and Northern Ireland",34,2,4,"control",1,2019,"Oct",582,324
2021-05-05,2,1,1,1,1,1,1,2,2,7,6,1,1,4,"United Kingdom of Great Britain and Northern Ireland",19,1,4,"control",1,2015,"Jun",2165,325
2021-05-05,1,5,5,5,3,4,4,3,4,17,1,1,1,7,"United Kingdom of Great Britain and Northern Ireland",35,2,3,"intervention",2,2005,"Jan",5968,326
2021-05-05,1,2,1,1,1,1,1,2,4,5,9,1,1,3,"United Kingdom of Great Britain and Northern Ireland",28,2,5,"control",1,2017,"Sep",1342,327
2021-05-05,1,1,1,1,1,2,1,1,2,8,9,1,1,7,"United Kingdom of Great Britain and Northern Ireland",25,2,4,"control",1,2014,"Sep",2438,328
2021-05-05,1,3,1,1,1,1,1,3,3,4,8,1,1,4,"United States of America",25,2,4,"control",1,2018,"Aug",1008,329
2021-05-05,1,2,1,1,1,1,1,2,1,4,4,1,1,1,"United Kingdom of Great Britain and Northern Ireland",16,2,4,"control",1,2018,"Apr",1130,330
2021-05-05,2,5,5,5,2,2,1,4,5,25,11,1,1,2,"United Kingdom of Great Britain and Northern Ireland",33,1,4,"intervention",2,1997,"Nov",8586,331
2021-05-05,2,5,5,5,4,4,2,5,4,2,11,1,2,4,"United Kingdom of Great Britain and Northern Ireland",7,2,3,"intervention",2,2020,"Nov",185,332
2021-05-05,1,2,2,2,2,1,2,4,4,4,11,1,2,1,"United Kingdom of Great Britain and Northern Ireland",16,2,4,"control",1,2018,"Nov",916,333
2021-05-05,1,4,1,2,1,1,1,4,2,17,6,1,1,2,"United Kingdom of Great Britain and Northern Ireland",31,1,4,"control",1,2005,"Jun",5817,334
2021-05-05,2,3,1,1,1,1,1,5,5,5,1,1,1,7,"United Kingdom of Great Britain and Northern Ireland",16,2,4,"control",1,2017,"Jan",1585,335
2021-05-05,2,3,4,5,4,4,4,2,2,4,6,1,1,4,"United Kingdom of Great Britain and Northern Ireland",33,2,2,"control",1,2018,"Jun",1069,336
2021-05-05,2,4,5,5,4,5,4,1,2,4,6,1,1,3,"United Kingdom of Great Britain and Northern Ireland",8,1,4,"intervention",2,2018,"Jun",1069,337
2021-05-05,2,4,2,1,1,1,1,4,2,3,3,1,2,4,"United Kingdom of Great Britain and Northern Ireland",15,1,4,"control",1,2019,"Mar",796,338
2021-05-05,1,4,5,5,5,4,5,4,4,9,1,1,1,7,"United Kingdom of Great Britain and Northern Ireland",25,2,4,"intervention",2,2013,"Jan",3046,339
2021-05-05,1,1,1,1,1,1,1,5,5,9,4,1,1,1,"United Kingdom of Great Britain and Northern Ireland",13,1,4,"control",1,2013,"Apr",2956,340
2021-05-05,2,4,1,1,1,1,1,2,2,4,8,1,1,4,"United Kingdom of Great Britain and Northern Ireland",23,2,4,"control",1,2018,"Aug",1008,341
2021-05-05,1,5,5,5,5,4,5,2,4,11,2,1,1,7,"United Kingdom of Great Britain and Northern Ireland",12,2,6,"intervention",2,2011,"Feb",3746,342
2021-05-05,1,5,5,5,1,1,1,4,5,23,9,1,1,3,"United Kingdom of Great Britain and Northern Ireland",38,2,6,"intervention",2,1999,"Sep",7917,343
2021-05-05,1,5,1,1,1,1,2,4,1,5,3,1,1,2,"United Kingdom of Great Britain and Northern Ireland",10,1,4,"control",1,2017,"Mar",1526,344
2021-05-05,1,3,4,4,3,4,3,3,4,3,5,1,2,1,"United Kingdom of Great Britain and Northern Ireland",4,1,3,"intervention",2,2019,"May",735,345
2021-05-05,2,4,5,5,4,4,4,5,5,7,3,1,2,7,"United Kingdom of Great Britain and Northern Ireland",28,2,4,"intervention",2,2015,"Mar",2257,347
2021-05-05,1,2,1,1,4,2,3,4,2,2,4,1,1,1,"United Kingdom of Great Britain and Northern Ireland",36,2,4,"control",1,2020,"Apr",399,348
2021-05-05,1,4,5,5,4,3,3,4,4,4,9,1,1,3,"United Kingdom of Great Britain and Northern Ireland",12,2,4,"intervention",2,2018,"Sep",977,349
2021-05-05,2,4,4,5,2,4,2,2,3,3,2,1,1,3,"United Kingdom of Great Britain and Northern Ireland",9,1,4,"intervention",2,2019,"Feb",824,350
2021-05-05,1,5,4,5,3,2,1,5,5,7,8,1,2,7,"United Kingdom of Great Britain and Northern Ireland",42,1,4,"intervention",2,2015,"Aug",2104,351
2021-05-05,1,4,5,5,1,2,2,2,4,8,6,1,1,3,"United Kingdom of Great Britain and Northern Ireland",13,1,4,"intervention",2,2014,"Jun",2530,352
2021-05-05,1,1,1,1,1,1,1,4,5,10,11,1,2,7,"United Kingdom of Great Britain and Northern Ireland",14,1,4,"control",1,2012,"Nov",3107,353
2021-05-05,1,1,1,1,1,1,1,1,4,6,11,1,1,7,"United Kingdom of Great Britain and Northern Ireland",16,1,4,"control",1,2016,"Nov",1646,354
2021-05-05,2,2,2,1,1,1,1,3,2,35,10,1,1,1,"United Kingdom of Great Britain and Northern Ireland",16,1,2,"control",1,1987,"Oct",12270,355
2021-05-05,1,5,5,5,4,4,4,4,5,3,5,1,1,7,"United Kingdom of Great Britain and Northern Ireland",10,1,4,"intervention",2,2019,"May",735,356
2021-05-05,1,4,4,4,4,5,4,4,4,5,4,1,1,1,"United Kingdom of Great Britain and Northern Ireland",19,1,4,"intervention",2,2017,"Apr",1495,357
2021-05-05,2,5,5,5,3,4,3,5,5,10,7,1,2,7,"United Kingdom of Great Britain and Northern Ireland",42,1,3,"intervention",2,2012,"Jul",3230,358
2021-05-05,1,4,5,5,4,4,4,2,2,5,7,1,1,7,"United Kingdom of Great Britain and Northern Ireland",23,1,4,"intervention",2,2017,"Jul",1404,359
2021-05-05,2,5,5,5,4,4,5,1,1,7,12,1,1,1,"United Kingdom of Great Britain and Northern Ireland",14,1,2,"intervention",2,2015,"Dec",1982,360
2021-05-05,1,1,1,1,1,1,1,1,4,17,10,1,1,4,"United Kingdom of Great Britain and Northern Ireland",33,1,2,"control",1,2005,"Oct",5695,361
2021-05-05,1,5,5,5,4,3,4,1,2,40,4,1,1,4,"United Kingdom of Great Britain and Northern Ireland",22,2,4,"intervention",2,1982,"Apr",14279,362
2021-05-05,2,2,2,2,1,1,1,3,5,3,6,1,1,1,"United Kingdom of Great Britain and Northern Ireland",13,2,4,"control",1,2019,"Jun",704,363
2021-05-05,2,3,4,4,3,4,3,4,4,5,8,1,2,7,"United Kingdom of Great Britain and Northern Ireland",20,1,4,"intervention",2,2017,"Aug",1373,364
